"date","year_future","month","avrain","rain_projected"
1991-01-01,1991,1,164.264233576642,164.063824902848
1991-02-01,1991,2,28.9540145985401,28.9186895887047
1991-03-01,1991,3,37.0233576642336,36.9578265325344
1991-04-01,1991,4,81.7686131386861,81.6238831602479
1991-05-01,1991,5,52.5802919708029,52.4872251541956
1991-06-01,1991,6,118.802919708029,118.539335175591
1991-07-01,1991,7,75.7671532846716,75.5990509373403
1991-08-01,1991,8,60.1248175182482,59.9914203597235
1991-09-01,1991,9,74.2021897810219,73.9903123243797
1991-10-01,1991,10,42.8613138686131,42.7389273703491
1991-11-01,1991,11,50.4817518248175,50.3376058742054
1991-12-01,1991,12,34.4751824817518,34.4331214350496
1992-01-01,1992,1,62.3,62.1479832145377
1992-02-01,1992,2,16.4678832116788,16.4277003116915
1992-03-01,1992,3,39.2715328467153,39.1325120688402
1992-04-01,1992,4,49.756204379562,49.5800679841746
1992-05-01,1992,5,72.1970802919708,71.9415034520834
1992-06-01,1992,6,38.1613138686131,37.9919791065043
1992-07-01,1992,7,52.7985401459854,52.5642550197947
1992-08-01,1992,8,50.6992700729927,50.4743001239376
1992-09-01,1992,9,112.621167883212,111.978009327228
1992-10-01,1992,10,85.1226277372263,84.6365082326428
1992-11-01,1992,11,39.3109489051095,39.086451382953
1992-12-01,1992,12,49.7,49.578728182384
1993-01-01,1993,1,50.2321167883212,50.0482614531416
1993-02-01,1993,2,26.9817518248175,26.8829955043067
1993-03-01,1993,3,101.817518248175,101.276868970106
1993-04-01,1993,4,68.5094890510949,68.1457048375957
1993-05-01,1993,5,82.2036496350365,81.7671496633764
1993-06-01,1993,6,69.3423357664234,68.8807923835816
1993-07-01,1993,7,39.1036496350365,38.843375294195
1993-08-01,1993,8,43.2583941605839,42.970465792488
1993-09-01,1993,9,33.6087591240876,33.3208590597446
1993-10-01,1993,10,46.3204379562044,45.9236468393783
1993-11-01,1993,11,76.1671532846715,75.5146886027558
1993-12-01,1993,12,41.0051094890511,40.8550260637207
1994-01-01,1994,1,114.04598540146,113.489423472227
1994-02-01,1994,2,48.921897810219,48.6831514332102
1994-03-01,1994,3,148.122627737226,147.073922915374
1994-04-01,1994,4,95.3547445255474,94.6796351118272
1994-05-01,1994,5,30.2109489051095,29.9970560767585
1994-06-01,1994,6,59.6335766423358,59.1043476147823
1994-07-01,1994,7,54.3416058394161,53.8593413697436
1994-08-01,1994,8,47.5963503649635,47.1739478924467
1994-09-01,1994,9,53.8897810218978,53.2742719769151
1994-10-01,1994,10,62.5430656934307,61.8287220478402
1994-11-01,1994,11,15.4138686131387,15.2378171360376
1994-12-01,1994,12,64.429197080292,64.1147727005148
1995-01-01,1995,1,109.22700729927,108.560701579554
1995-02-01,1995,2,35.263503649635,35.0483895056157
1995-03-01,1995,3,6.60875912408759,6.55027179448644
1995-04-01,1995,4,13.7547445255474,13.6330154291255
1995-05-01,1995,5,25.9503649635037,25.7207049743299
1995-06-01,1995,6,40.2861313868613,39.8392231319357
1995-07-01,1995,7,23.1197080291971,22.8632329591414
1995-08-01,1995,8,40.8875912408759,40.4340107797961
1995-09-01,1995,9,42.5299270072993,41.9227257378971
1995-10-01,1995,10,38.463503649635,37.9143588500753
1995-11-01,1995,11,24.1883211678832,23.8429836526007
1995-12-01,1995,12,59.1518248175182,58.7909873270288
1996-01-01,1996,1,32.6313868613138,32.3955800164815
1996-02-01,1996,2,138.020437956204,137.023049640005
1996-03-01,1996,3,39.6737226277372,39.2577907649185
1996-04-01,1996,4,28.7912408759124,28.4893989095624
1996-05-01,1996,5,62.6686131386861,62.0116071589948
1996-06-01,1996,6,50.3131386861314,49.6519558193307
1996-07-01,1996,7,12.8693430656934,12.7002224470196
1996-08-01,1996,8,46.3357664233577,45.7268516213947
1996-09-01,1996,9,20.0897810218978,19.7500066604395
1996-10-01,1996,10,22.7248175182482,22.3404773229468
1996-11-01,1996,11,67.5963503649635,66.4531071032707
1996-12-01,1996,12,25.0153284671533,24.8345581645194
1997-01-01,1997,1,68.8240875912409,68.2492295386035
1997-02-01,1997,2,8.24890510948905,8.18000554694352
1997-03-01,1997,3,8.0956204379562,7.99752051686398
1997-04-01,1997,4,8.75255474452555,8.64649432131603
1997-05-01,1997,5,32.2744525547445,31.8833619307238
1997-06-01,1997,6,70.2240875912409,69.1574286772218
1997-07-01,1997,7,77.670802919708,76.4910331692547
1997-08-01,1997,8,50.6211678832117,49.8522647644559
1997-09-01,1997,9,49.2379562043796,48.2754252585678
1997-10-01,1997,10,31.3788321167883,30.7654212589031
1997-11-01,1997,11,10.248905109489,10.0485538136792
1997-12-01,1997,12,37.770802919708,37.4553196205769
1998-01-01,1998,1,63.8007299270073,63.1899904831792
1998-02-01,1998,2,62.0919708029197,61.4975886421238
1998-03-01,1998,3,16.9715328467153,16.7358381807678
1998-04-01,1998,4,2.05109489051095,2.02261000765377
1998-05-01,1998,5,41.0890510948905,40.5184208365999
1998-06-01,1998,6,87.9678832116788,86.4365356597584
1998-07-01,1998,7,29.3416058394161,28.8308262840699
1998-08-01,1998,8,60.9386861313868,59.8778636537106
1998-09-01,1998,9,28.0007299270073,27.3734026071176
1998-10-01,1998,10,54.6423357664233,53.4181308925425
1998-11-01,1998,11,12.1970802919708,11.9238173552549
1998-12-01,1998,12,30.4131386861314,30.1220055999193
1999-01-01,1999,1,27.9321167883212,27.6332767037389
1999-02-01,1999,2,13.0510948905109,12.911463858229
1999-03-01,1999,3,16.0802919708029,15.8307019055416
1999-04-01,1999,4,54.258394160584,53.4162231251264
1999-05-01,1999,5,12.7905109489051,12.5919831816072
1999-06-01,1999,6,63.3489051094891,62.1163866860699
1999-07-01,1999,7,57.6503649635037,56.5287175283736
1999-08-01,1999,8,73.9810218978102,72.5416446534074
1999-09-01,1999,9,24.1051094890511,23.5015242135204
1999-10-01,1999,10,42.0138686131387,40.9618529616649
1999-11-01,1999,11,51.363503649635,50.0773757224141
1999-12-01,1999,12,10.478102189781,10.3659990875211
2000-01-01,2000,1,67.6642335766423,66.8641048513888
2000-02-01,2000,2,9.56934306569343,9.45618570228379
2000-03-01,2000,3,90.3613138686131,88.8111357748432
2000-04-01,2000,4,73.143795620438,71.8889897216344
2000-05-01,2000,5,80.9627737226277,79.5738306798323
2000-06-01,2000,6,75.9627737226277,74.3292674193411
2000-07-01,2000,7,84.1591240875913,82.3493631620867
2000-08-01,2000,8,26.807299270073,26.2308341123939
2000-09-01,2000,9,40.4897810218978,39.3692067422698
2000-10-01,2000,10,11.0248175182482,10.7197003593814
2000-11-01,2000,11,32.0080291970803,31.1221915028623
2000-12-01,2000,12,23.2306569343066,22.9559547033474
2001-01-01,2001,1,34.4182481751825,33.9789515971841
2001-02-01,2001,2,5.27080291970803,5.20352913883032
2001-03-01,2001,3,88.1671532846716,86.5345741551642
2001-04-01,2001,4,67.2722627737226,66.0265914765615
2001-05-01,2001,5,16.921897810219,16.6085573408106
2001-06-01,2001,6,28.663503649635,27.9982034735437
2001-07-01,2001,7,28.6722627737226,28.0067592921711
2001-08-01,2001,8,91.6547445255474,89.5273731330683
2001-09-01,2001,9,24.3875912408759,23.659086315393
2001-10-01,2001,10,60.729197080292,58.9150974934717
2001-11-01,2001,11,21.1167883211679,20.4859886595528
2001-12-01,2001,12,3.72262773722628,3.67511405733758
2002-01-01,2002,1,15.5204379562044,15.3077773840892
2002-02-01,2002,2,4.96496350364964,4.89693372367844
2002-03-01,2002,3,36.2686131386861,35.5476512327704
2002-04-01,2002,4,3.56496350364963,3.49409774232915
2002-05-01,2002,5,4.00875912408759,3.9290714170499
2002-06-01,2002,6,18.4686131386861,18.0084237552595
2002-07-01,2002,7,29.9182481751825,29.1727639269852
2002-08-01,2002,8,32.5766423357664,31.7649178799002
2002-09-01,2002,9,30.6102189781022,29.6285976881261
2002-10-01,2002,10,42.2481751824818,40.8933430510477
2002-11-01,2002,11,29.7686131386861,28.8139808163593
2002-12-01,2002,12,83.9,82.750404734015
2003-01-01,2003,1,15.2094890510949,14.9853877246661
2003-02-01,2003,2,8.45547445255475,8.33088887088028
2003-03-01,2003,3,51.6401459854015,50.5362818406208
2003-04-01,2003,4,77.3430656934307,75.6897737548189
2003-05-01,2003,5,35.1788321167883,34.4268464148121
2003-06-01,2003,6,39.7094890510949,38.6454846934784
2003-07-01,2003,7,48.0802919708029,46.7919943524029
2003-08-01,2003,8,29.8182481751825,29.0192767768334
2003-09-01,2003,9,101.064233576642,97.5790808375202
2003-10-01,2003,10,48.3058394160584,46.640035178511
2003-11-01,2003,11,26.1306569343066,25.229553473995
2003-12-01,2003,12,66.4832116788321,65.5036274289984
2004-01-01,2004,1,65.029197080292,64.0100074107496
2004-02-01,2004,2,31.7824817518248,31.2843612378365
2004-03-01,2004,3,29.7700729927007,29.0931724163133
2004-04-01,2004,4,33.7890510948905,33.0207685257708
2004-05-01,2004,5,33.0583941605839,32.3067249904335
2004-06-01,2004,6,18.7963503649635,18.260628393852
2004-07-01,2004,7,119.313138686131,115.912549284713
2004-08-01,2004,8,29.2401459854015,28.4067614006958
2004-09-01,2004,9,18.0883211678832,17.4248234880834
2004-10-01,2004,10,66.8788321167883,64.4256497829852
2004-11-01,2004,11,15.1970802919708,14.6396362141115
2004-12-01,2004,12,48.021897810219,47.2692601588643
2005-01-01,2005,1,19.3313868613139,19.0102675464689
2005-02-01,2005,2,38.6211678832117,37.9796203802754
2005-03-01,2005,3,37.2810218978102,36.3825808456445
2005-04-01,2005,4,143.336496350365,139.882208188743
2005-05-01,2005,5,58.3313868613139,56.9256498423659
2005-06-01,2005,6,59.0890510948905,57.3040859610536
2005-07-01,2005,7,49.1948905109489,47.7088086954879
2005-08-01,2005,8,24.6321167883212,23.8880285211202
2005-09-01,2005,9,27.4350364963504,26.3684318150662
2005-10-01,2005,10,66.3620437956205,63.7820557361401
2005-11-01,2005,11,11.0905109489051,10.6593399935645
2005-12-01,2005,12,25.0474452554745,24.6313748246896
2006-01-01,2006,1,17.0087591240876,16.7150478590168
2006-02-01,2006,2,29.8182481751825,29.3033396313062
2006-03-01,2006,3,97.5335766423358,95.0901433510937
2006-04-01,2006,4,20.2802919708029,19.7722254949954
2006-05-01,2006,5,50.048905109489,48.79506858319
2006-06-01,2006,6,55.3394160583941,53.6016078253493
2006-07-01,2006,7,19.9518248175182,19.3252832328444
2006-08-01,2006,8,72.3000000000001,70.029583284425
2006-09-01,2006,9,96.1218978102189,92.237132055356
2006-10-01,2006,10,77.2956204379562,74.171718537152
2006-11-01,2006,11,60.0875912408759,57.659151706675
2006-12-01,2006,12,36.3912408759124,35.7628283434531
2007-01-01,2007,1,65.7204379562044,64.5485551025909
2007-02-01,2007,2,23.0430656934307,22.6321771719815
2007-03-01,2007,3,48.0167883211679,46.7746349497743
2007-04-01,2007,4,25.151094890511,24.5004575112776
2007-05-01,2007,5,11.1153284671533,10.8277843974152
2007-06-01,2007,6,54.4518248175183,52.6861305996412
2007-07-01,2007,7,33.9686131386861,32.8671223436708
2007-08-01,2007,8,52.1343065693431,50.4437618727969
2007-09-01,2007,9,27.8496350364964,26.6873897702963
2007-10-01,2007,10,22.2503649635036,21.3217933209608
2007-11-01,2007,11,65.0941605839416,62.3775942843541
2007-12-01,2007,12,56.9211678832117,55.9061877229388
2008-01-01,2008,1,49.6832116788321,48.7646548324437
2008-02-01,2008,2,93.2109489051095,91.4876393125529
2008-03-01,2008,3,9.94014598540146,9.67352919122948
2008-04-01,2008,4,25.6686131386861,24.9801239197221
2008-05-01,2008,5,21.9167883211679,21.3289313772842
2008-06-01,2008,6,38.0459854014599,36.7668264382366
2008-07-01,2008,7,38.9547445255474,37.6450318162003
2008-08-01,2008,8,49.5890510948905,47.9217982029906
2008-09-01,2008,9,51.1021897810219,48.8909776236327
2008-10-01,2008,10,18.9394160583942,18.1198999628682
2008-11-01,2008,11,41.7109489051095,39.906099490428
2008-12-01,2008,12,19.1043795620438,18.7511725520752
2009-01-01,2009,1,51.7934306569343,50.8066948995467
2009-02-01,2009,2,76.1941605839416,74.7425575177091
2009-03-01,2009,3,36.1343065693431,35.1355853526963
2009-04-01,2009,4,29.0036496350365,28.2020136552478
2009-05-01,2009,5,35.5759124087591,34.592624727397
2009-06-01,2009,6,79.4839416058394,76.7301892051188
2009-07-01,2009,7,17.7693430656934,17.1537171903558
2009-08-01,2009,8,70.485401459854,68.0434070196642
2009-09-01,2009,9,38.3459854014599,36.6362038870217
2009-10-01,2009,10,33.7262773722628,32.2224806905973
2009-11-01,2009,11,22.1167883211679,21.1306387820603
2009-12-01,2009,12,58.0051094890511,56.9000327463433
2010-01-01,2010,1,121.559854014598,119.164114397238
2010-02-01,2010,2,4.17299270072993,4.09075005559732
2010-03-01,2010,3,72.9620437956205,70.8758973182848
2010-04-01,2010,4,8.77591240875913,8.52498963022207
2010-05-01,2010,5,24.9540145985401,24.2405240362972
2010-06-01,2010,6,71.1306569343065,68.5813297931953
2010-07-01,2010,7,58.2343065693431,56.1471854224355
2010-08-01,2010,8,14.9919708029197,14.4546576426894
2010-09-01,2010,9,43.758394160584,41.7400029444709
2010-10-01,2010,10,37.1671532846715,35.4527883689387
2010-11-01,2010,11,38.9802919708029,37.1822945711117
2010-12-01,2010,12,62.6518248175182,61.4170630614105
2011-01-01,2011,1,127.273722627737,124.442870116017
2011-02-01,2011,2,87.0131386861314,85.0777716903632
2011-03-01,2011,3,43.4620437956204,42.0595950305247
2011-04-01,2011,4,10.3357664233577,10.0022482177961
2011-05-01,2011,5,56.5021897810219,54.6789569239518
2011-06-01,2011,6,31.8131386861314,30.5263586333656
2011-07-01,2011,7,49.1408759124088,47.1532223355835
2011-08-01,2011,8,26.1262773722628,25.0695198826187
2011-09-01,2011,9,45.870802919708,43.4829401467457
2011-10-01,2011,10,19.8306569343066,18.7983469584009
2011-11-01,2011,11,72.4722627737226,68.6996272989823
2011-12-01,2011,12,87.9262773722628,85.9706001279231
2012-01-01,2012,1,17.985401459854,17.5397921935207
2012-02-01,2012,2,29.1656934306569,28.4430794105725
2012-03-01,2012,3,17.3569343065693,16.7330479909679
2012-04-01,2012,4,6.86423357664233,6.61750213663578
2012-05-01,2012,5,5.90583941605839,5.69355697442791
2012-06-01,2012,6,64.0759124087591,61.1889031203153
2012-07-01,2012,7,116.597810218978,111.344370221635
2012-08-01,2012,8,78.5598540145985,75.0202551277018
2012-09-01,2012,9,29.236496350365,27.5411675885894
2012-10-01,2012,10,32.2715328467153,30.4002122491315
2012-11-01,2012,11,25.8299270072993,24.3321340554605
2012-12-01,2012,12,30.6386861313869,29.8795770017464
2013-01-01,2013,1,37.1532846715329,36.142111907927
2013-02-01,2013,2,47.3306569343066,46.0424943506033
2013-03-01,2013,3,95.9080291970803,92.1211497662673
2013-04-01,2013,4,38.370802919708,36.8557514111233
2013-05-01,2013,5,99.170802919708,95.2550945388993
2013-06-01,2013,6,67.9255474452555,64.5636798858
2013-07-01,2013,7,17.7094890510949,16.8329858947031
2013-08-01,2013,8,15.9416058394161,15.1526012670149
2013-09-01,2013,9,24.9810218978102,23.3897922030239
2013-10-01,2013,10,50.4372262773722,47.2244989316488
2013-11-01,2013,11,11.2051094890511,10.491371555301
2013-12-01,2013,12,24.9496350364964,24.2705997470502
2014-01-01,2014,1,33.7766423357664,32.7717815754652
2014-02-01,2014,2,31.121897810219,30.1960161436901
2014-03-01,2014,3,72.1211678832116,69.0083728396661
2014-04-01,2014,4,31.4481751824817,30.0908521286579
2014-05-01,2014,5,36.5284671532847,34.9518754973206
2014-06-01,2014,6,28.8350364963504,27.2750198847679
2014-07-01,2014,7,39.814598540146,37.6605719581448
2014-08-01,2014,8,2.42408759124088,2.2929409942617
2014-09-01,2014,9,27.7671532846715,25.833781853881
2014-10-01,2014,10,32.178102189781,29.9376051956176
2014-11-01,2014,11,66.1350364963504,61.53018598015
2014-12-01,2014,12,79.6751824817518,77.3048324733092
2015-01-01,2015,1,12.4985401459854,12.0950361107885
2015-02-01,2015,2,19.5240875912409,18.8937701273942
2015-03-01,2015,3,28.3678832116788,27.0392231333438
2015-04-01,2015,4,21.4956204379562,20.4888349643331
2015-05-01,2015,5,69.0897810218978,65.8538387000925
2015-06-01,2015,6,57.4051094890511,54.0348879687161
2015-07-01,2015,7,54.0211678832117,50.8496156612208
2015-08-01,2015,8,45.9160583941606,43.2203525675134
2015-09-01,2015,9,40.3788321167883,37.3278695932979
2015-10-01,2015,10,42.9240875912409,39.6808094742037
2015-11-01,2015,11,2.13284671532847,1.97169209406563
2015-12-01,2015,12,47.6839416058394,46.1445087899012
2016-01-01,2016,1,37.4102189781022,36.093625594854
2016-02-01,2016,2,27.8985401459854,26.9166952286919
2016-03-01,2016,3,18.692700729927,17.7382976460229
2016-04-01,2016,4,80.7437956204379,76.6212170450001
2016-05-01,2016,5,17.607299270073,16.7083141011896
2016-06-01,2016,6,137.736496350365,128.921345381276
2016-07-01,2016,7,78.9693430656934,73.9152963932479
2016-08-01,2016,8,78.2204379562044,73.2143212934266
2016-09-01,2016,9,68.7496350364963,63.0868986906007
2016-10-01,2016,10,102.716788321168,94.2562620907209
2016-11-01,2016,11,79.0649635036497,72.552579222899
2016-12-01,2016,12,88.9941605839417,85.8621521067626
2017-01-01,2017,1,70.1627737226277,67.4893799430885
2017-02-01,2017,2,56.5824817518248,54.4265342782511
2017-03-01,2017,3,18.6131386861314,17.5842363338169
2017-04-01,2017,4,20.329197080292,19.2054339660052
2017-05-01,2017,5,29.0248175182482,27.4203754344272
2017-06-01,2017,6,63.3766423357665,58.9852249637597
2017-07-01,2017,7,72.0204379562044,67.0300851901992
2017-08-01,2017,8,75.9094890510949,70.649660877285
2017-09-01,2017,9,60.9861313868613,55.547598044157
2017-10-01,2017,10,75.6153284671533,68.872213668159
2017-11-01,2017,11,122.421897810219,111.504734219458
2017-12-01,2017,12,45.1532846715329,43.4328208990508
2018-01-01,2018,1,91.4547445255475,87.6954140836487
2018-02-01,2018,2,35.5890510948905,34.126130785251
2018-03-01,2018,3,27.3051094890511,25.6767640348273
2018-04-01,2018,4,34.7474452554745,32.6752746769119
2018-05-01,2018,5,28.0547445255474,26.3816944417928
2018-06-01,2018,6,32.0773722627737,29.6795203960362
2018-07-01,2018,7,34.2620437956204,31.7008830808161
2018-08-01,2018,8,80.9175182481752,74.8687614923631
2018-09-01,2018,9,17.1613138686131,15.5103053211626
2018-10-01,2018,10,24.1846715328467,21.8579790823905
2018-11-01,2018,11,11.4970802919708,10.3910007704323
2018-12-01,2018,12,10.285401459854,9.86261067938904
2019-01-01,2019,1,14.1321167883212,13.5100883928246
2019-02-01,2019,2,36.3036496350365,34.7057360831321
2019-03-01,2019,3,18.1299270072993,16.9722233331986
2019-04-01,2019,4,15.1489051094891,14.1815574143331
2019-05-01,2019,5,84.2963503649635,78.9135270093314
2019-06-01,2019,6,11.7160583941606,10.7782722201576
2019-07-01,2019,7,10.5649635036496,9.71931419316925
2019-08-01,2019,8,28.0700729927007,25.8232656219786
2019-09-01,2019,9,25.2372262773723,22.6374310559303
2019-10-01,2019,10,13.2795620437956,11.9115772436888
2019-11-01,2019,11,12.5233576642336,11.2332727296196
2019-12-01,2019,12,77.207299270073,73.8090021002335
2020-01-01,2020,1,38.0138686131387,36.2300847788512
2020-02-01,2020,2,15.3240875912409,14.6050116140326
2020-03-01,2020,3,35.4357664233577,33.0234162592597
2020-04-01,2020,4,19.7576642335767,18.412627583695
2020-05-01,2020,5,8.1978102189781,7.63973032335149
2020-06-01,2020,6,114.131386861314,104.392158386146
2020-07-01,2020,7,79.7839416058394,72.9757001806046
2020-08-01,2020,8,66.8737226277372,61.167155121921
2020-09-01,2020,9,62.4686131386861,55.6081008676445
2020-10-01,2020,10,43.4948905109489,38.7181359923956
2020-11-01,2020,11,46.370802919708,41.2782060704321
2020-12-01,2020,12,126.83503649635,120.883358964502
2021-01-01,2021,1,47.5934306569343,45.2216655135451
2021-02-01,2021,2,25.1058394160584,23.8547181163196
2021-03-01,2021,3,60.6138686131387,56.231639925157
2021-04-01,2021,4,73.1343065693431,67.8468820300958
2021-05-01,2021,5,83.2496350364963,77.2308979509399
2021-06-01,2021,6,75.6693430656935,68.8118726932708
2021-07-01,2021,7,46.4649635036496,42.2541153890392
2021-08-01,2021,8,41.6270072992701,37.8545948838544
2021-09-01,2021,9,41.3554744525547,36.5320863750114
2021-10-01,2021,10,33.9182481751825,29.9622816187591
2021-11-01,2021,11,36.0905109489051,31.8811881802084
2021-12-01,2021,12,106.398540145985,101.096288441443
2022-01-01,2022,1,47.6065693430657,45.0911787575412
2022-02-01,2022,2,28.1613138686131,26.6733531783428
2022-03-01,2022,3,5.12408759124088,4.73130389463518
2022-04-01,2022,4,33.7766423357664,31.1875151595937
2022-05-01,2022,5,25.4240875912409,23.4752202213729
2022-06-01,2022,6,29.3357664233577,26.5170246667604
2022-07-01,2022,7,92.5620437956205,83.6681736250781
2022-08-01,2022,8,26.5569343065693,24.0051980206704
2022-09-01,2022,9,30.7255474452555,26.9259927447002
2022-10-01,2022,10,27.1905109489051,23.8281027161312
2022-11-01,2022,11,2.20583941605839,1.93306290859704
2022-12-01,2022,12,77.392700729927,73.3034988930648
2023-01-01,2023,1,24.4642335766423,23.1004413532874
2023-02-01,2023,2,2.25401459854015,2.12836146613414
2023-03-01,2023,3,12.1350364963504,11.1536139179002
2023-04-01,2023,4,8.84525547445255,8.12989434328505
2023-05-01,2023,5,19.136496350365,17.5888298397347
2023-06-01,2023,6,127.540145985402,114.610613847632
2023-07-01,2023,7,77.1313868613139,69.3121019016726
2023-08-01,2023,8,28.2591240875912,25.3943221834319
2023-09-01,2023,9,58.736496350365,51.073137564839
2023-10-01,2023,10,49.7839416058394,43.2886238734454
2023-11-01,2023,11,30.0810218978102,26.1563468190804
2023-12-01,2023,12,44.1992700729927,41.7353211978045
2024-01-01,2024,1,31.5204379562044,29.6686266710476
2024-02-01,2024,2,76.263503649635,71.7830577592506
2024-03-01,2024,3,15.9299270072993,14.5721869463983
2024-04-01,2024,4,52.8978102189781,48.3892223242981
2024-05-01,2024,5,23.007299270073,21.0463403844609
2024-06-01,2024,6,45.2233576642336,40.3918063944831
2024-07-01,2024,7,39.7576642335766,35.5100540818436
2024-08-01,2024,8,53.7978102189781,48.0501857236197
2024-09-01,2024,9,75.5554744525548,65.1666849397936
2024-10-01,2024,10,34.9744525547446,30.1655061673659
2024-11-01,2024,11,143.548175182482,123.810468712936
2024-12-01,2024,12,35.1671532846715,33.1010991451358
2025-01-01,2025,1,82.3963503649635,77.3158849965122
2025-02-01,2025,2,47.1532846715328,44.2458667006961
2025-03-01,2025,3,30.2226277372263,27.5191294133865
2025-04-01,2025,4,8.45766423357664,7.70110258454074
2025-05-01,2025,5,84.090510948905,76.568380266629
2025-06-01,2025,6,111.43503649635,98.9400271751139
2025-07-01,2025,7,43.1094890510949,38.2756999263899
2025-08-01,2025,8,33.0437956204379,29.3386545151993
2025-09-01,2025,9,15.978102189781,13.6723361374847
2025-10-01,2025,10,26.5452554744526,22.7145659347606
2025-11-01,2025,11,67.3102189781022,57.5968239798153
2025-12-01,2025,12,26.8109489051095,25.157816250515
2026-01-01,2026,1,25.9248175182482,24.2460330252569
2026-02-01,2026,2,8.1941605839416,7.66354046629876
2026-03-01,2026,3,160.905839416058,145.789403428601
2026-04-01,2026,4,97.7875912408759,88.6008527811355
2026-05-01,2026,5,73.6189781021898,66.7027805671444
2026-06-01,2026,6,43.6810218978102,38.5371358879454
2026-07-01,2026,7,40.4963503649635,35.7274919215817
2026-08-01,2026,8,40.2503649635036,35.5104738109549
2026-09-01,2026,9,45.1175182481752,38.2796776847415
2026-10-01,2026,10,19.8817518248175,16.86854865278
2026-11-01,2026,11,7.06788321167883,5.9967015421422
2026-12-01,2026,12,77.5963503649635,72.5715300508483
2027-01-01,2027,1,69.4941605839416,64.7787798918984
2027-02-01,2027,2,7.57153284671533,7.05778234603193
2027-03-01,2027,3,29.0693430656934,26.2077885250954
2027-04-01,2027,4,55.0372262773722,49.6194215337281
2027-05-01,2027,5,19.1554744525547,17.2698303644464
2027-06-01,2027,6,18.5080291970803,16.22428251983
2027-07-01,2027,7,16.3124087591241,14.2995845461887
2027-08-01,2027,8,25.2007299270073,22.0911560970631
2027-09-01,2027,9,41.8956204379562,35.242404787479
2027-10-01,2027,10,51.0693430656934,42.9592984120419
2027-11-01,2027,11,81.2802919708029,68.3726108107556
2027-12-01,2027,12,34.3598540145985,32.0284380964775
2028-01-01,2028,1,87.7160583941606,81.5008426335517
2028-02-01,2028,2,187.797810218978,174.4911941757
2028-03-01,2028,3,75.5700729927007,67.8017851992784
2028-04-01,2028,4,56.1160583941606,50.3475620281397
2028-05-01,2028,5,21.5861313868613,19.3671672609968
2028-06-01,2028,6,46.5540145985401,40.5553642921587
2028-07-01,2028,7,64.2686131386861,55.9873738251775
2028-08-01,2028,8,13.4700729927007,11.7344061940058
2028-09-01,2028,9,13.1489051094891,10.9683793592575
2028-10-01,2028,10,36.3883211678832,30.353927379688
2028-11-01,2028,11,17.992700729927,15.0089125794213
2028-12-01,2028,12,9.08978102189781,8.44571480070582
2029-01-01,2029,1,6.68248175182482,6.18829152888324
2029-02-01,2029,2,71.5532846715328,66.2616976508318
2029-03-01,2029,3,42.6094890510949,38.0379644924844
2029-04-01,2029,4,40.9795620437956,36.5829105359667
2029-05-01,2029,5,16.5014598540146,14.7310366300916
2029-06-01,2029,6,25.4021897810219,21.9859619292762
2029-07-01,2029,7,12.8197080291971,11.0956423483198
2029-08-01,2029,8,48.2255474452555,41.7399074367217
2029-09-01,2029,9,39.536496350365,32.6934564129286
2029-10-01,2029,10,39.078102189781,32.3144018458221
2029-11-01,2029,11,52.0737226277372,43.0607195413041
2029-12-01,2029,12,58.7890510948905,54.4414186813528
2030-01-01,2030,1,30.7715328467153,28.4005826149986
2030-02-01,2030,2,21.1058394160584,19.4796320021037
2030-03-01,2030,3,29.2540145985401,25.9839438848485
2030-04-01,2030,4,25.7722627737226,22.8913890584917
2030-05-01,2030,5,39.2277372262774,34.8427843769532
2030-06-01,2030,6,79.5861313868613,68.4347156548151
2030-07-01,2030,7,55.0912408759124,47.3719898016855
2030-08-01,2030,8,53.9124087591241,46.3583327824113
2030-09-01,2030,9,13.7737226277372,11.2899080769838
2030-10-01,2030,10,97.2992700729927,79.7532987102245
2030-11-01,2030,11,40.2007299270073,32.9513347821877
2030-12-01,2030,12,90.5153284671533,83.5411117431391
2031-01-01,2031,1,35.6379562043796,32.7749868152586
2031-02-01,2031,2,18.3846715328467,16.9077419489578
2031-03-01,2031,3,106.178832116788,93.8039741759393
2031-04-01,2031,4,88.4693430656934,78.1584785484234
2031-05-01,2031,5,134.029927007299,118.409098698382
2031-06-01,2031,6,101.255474452555,86.4629691748823
2031-07-01,2031,7,46.7795620437956,39.9454928523633
2031-08-01,2031,8,20.1795620437956,17.2315112875489
2031-09-01,2031,9,39.1817518248175,31.8148939552459
2031-10-01,2031,10,19.9788321167883,16.2224605981675
2031-11-01,2031,11,46.9167883211679,38.0956076653325
2031-12-01,2031,12,80.9007299270073,74.4015830059472
2032-01-01,2032,1,4.02189781021898,3.6855885034393
2032-02-01,2032,2,34.3992700729927,31.5228184031912
2032-03-01,2032,3,86.2985401459854,75.8294324743237
2032-04-01,2032,4,64.0620437956204,56.2905052153788
2032-05-01,2032,5,16.6394160583942,14.620843808919
2032-06-01,2032,6,33.5182481751825,28.4213204944774
2032-07-01,2032,7,37.6350364963504,31.9120924367434
2032-08-01,2032,8,48.636496350365,41.2406234143733
2032-09-01,2032,9,72.2715328467154,58.1276175487904
2032-10-01,2032,10,26.3700729927007,21.2093123983471
2032-11-01,2032,11,56.5890510948905,45.5142791349035
2032-12-01,2032,12,33.0211678832117,30.259952505824
2033-01-01,2033,1,57.5810218978102,52.5823889100328
2033-02-01,2033,2,2.04233576642336,1.86503973037385
2033-03-01,2033,3,25.2868613138686,22.1021859176654
2033-04-01,2033,4,42.4379562043796,37.0932393052873
2033-05-01,2033,5,31.9335766423358,27.9118012791024
2033-06-01,2033,6,29.7408759124088,25.0457748711685
2033-07-01,2033,7,57.8189781021898,48.6912730174254
2033-08-01,2033,8,20.7328467153285,17.4598156691783
2033-09-01,2033,9,70.7788321167883,56.3984706767158
2033-10-01,2033,10,42.7306569343066,34.0489328522654
2033-11-01,2033,11,76.8576642335766,61.2422470521392
2033-12-01,2033,12,64.5467153284672,58.9433875329627
2034-01-01,2034,1,65.7649635036497,59.8398596550516
2034-02-01,2034,2,120.189051094891,109.360601244658
2034-03-01,2034,3,8.91459854014599,7.74939569539899
2034-04-01,2034,4,48.9481751824818,42.5502927976551
2034-05-01,2034,5,5.91021897810219,5.13771038611689
2034-06-01,2034,6,46.8021897810219,39.1341057828724
2034-07-01,2034,7,84.7386861313868,70.8550758518571
2034-08-01,2034,8,65.7569343065694,54.9832996095016
2034-09-01,2034,9,32.7138686131387,25.8157951536495
2034-10-01,2034,10,106.54598540146,84.0796105803005
2034-11-01,2034,11,88.1328467153284,69.5490815842282
2034-12-01,2034,12,38.2248175182482,34.7809470844607
2035-01-01,2035,1,62.4372262773723,56.6068466627822
2035-02-01,2035,2,43.114598540146,39.0885632498692
2035-03-01,2035,3,10.8255474452555,9.35898195378041
2035-04-01,2035,4,70.7160583941606,61.1359672755848
2035-05-01,2035,5,17.2021897810219,14.871763718208
2035-06-01,2035,6,18.9204379562044,15.7074897776638
2035-07-01,2035,7,45.2518248175182,37.5674483533144
2035-08-01,2035,8,27.5642335766423,22.8834511197066
2035-09-01,2035,9,40.9138686131387,31.9722054912827
2035-10-01,2035,10,59.9620437956204,46.8574312548684
2035-11-01,2035,11,17.4211678832117,13.6137984096989
2035-12-01,2035,12,44.9270072992701,40.7317295279843
2036-01-01,2036,1,90.2094890510949,81.4640283092175
2036-02-01,2036,2,88.8007299270073,80.1918429285805
2036-03-01,2036,3,80.136496350365,68.8655810661157
2036-04-01,2036,4,22.3007299270073,19.1642109970394
2036-05-01,2036,5,26.1773722627737,22.4956172750335
2036-06-01,2036,6,53.4868613138686,44.0571827175645
2036-07-01,2036,7,81.1627737226277,66.8538602551161
2036-08-01,2036,8,44.1065693430657,36.3306265662016
2036-09-01,2036,9,20.443795620438,15.805199836254
2036-10-01,2036,10,20.670802919708,15.9807003057296
2036-11-01,2036,11,4.32773722627737,3.34579512386281
2036-12-01,2036,12,116.75401459854,105.435164864786
2037-01-01,2037,1,51.2211678832117,46.0728056306067
2037-02-01,2037,2,19.4518248175183,17.4966753202805
2037-03-01,2037,3,53.6197080291971,45.8008661776095
2037-04-01,2037,4,20.1795620437956,17.2369722749587
2037-05-01,2037,5,27.6160583941606,23.589076504767
2037-06-01,2037,6,43.0613138686131,35.1903811001914
2037-07-01,2037,7,10.1357664233577,8.28310729832289
2037-08-01,2037,8,59.5321167883212,48.6505795869159
2037-09-01,2037,9,35.7094890510949,27.3091312656285
2037-10-01,2037,10,37.463503649635,28.6505286416823
2037-11-01,2037,11,40.8481751824818,31.2389845854034
2037-12-01,2037,12,38.1423357664234,34.3085582521391
2038-01-01,2038,1,51.321897810219,45.9803834064708
2038-02-01,2038,2,26.7226277372263,23.9413724241
2038-03-01,2038,3,4.75255474452555,4.03494688337847
2038-04-01,2038,4,38.9087591240876,33.03376495446
2038-05-01,2038,5,28.8248175182482,24.4724393218577
2038-06-01,2038,6,47.4649635036497,38.4812860113152
2038-07-01,2038,7,50.8810218978102,41.2507881955302
2038-08-01,2038,8,60.5043795620438,49.0527362290114
2038-09-01,2038,9,13.9686131386861,10.5660239897063
2038-10-01,2038,10,84.5970802919708,63.9902308804402
2038-11-01,2038,11,29.3116788321168,22.1717001282666
2038-12-01,2038,12,5.15547445255474,4.6188995747451
2039-01-01,2039,1,27.2700729927007,24.3345879732426
2039-02-01,2039,2,56.0386861313869,50.0064058476915
2039-03-01,2039,3,94.1576642335766,79.4532540962701
2039-04-01,2039,4,79.3686131386861,66.9737789090974
2039-05-01,2039,5,17.7175182481752,14.9506096055596
2039-06-01,2039,6,51.4751824817518,41.3986579153919
2039-07-01,2039,7,25.3211678832117,20.3644225561882
2039-08-01,2039,8,84.4788321167883,67.9416779752953
2039-09-01,2039,9,17.6328467153285,13.1905196842592
2039-10-01,2039,10,57.2554744525547,42.8308301541286
2039-11-01,2039,11,78.7321167883212,58.8967597260936
2039-12-01,2039,12,15.4226277372263,13.7624600986789
2040-01-01,2040,1,14.2868613138686,12.6980024198275
2040-02-01,2040,2,2.42408759124088,2.15450191775646
2040-03-01,2040,3,4.24525547445255,3.56031836868049
2040-04-01,2040,4,95.9547445255475,80.4732345443605
2040-05-01,2040,5,16.478102189781,13.8194957312521
2040-06-01,2040,6,8.97445255474452,7.15945613991857
2040-07-01,2040,7,12.5518248175182,10.0133393885351
2040-08-01,2040,8,13.3102189781022,10.6183556495661
2040-09-01,2040,9,57.8627737226277,42.802173676619
2040-10-01,2040,10,5.38102189781022,3.98044232949888
2040-11-01,2040,11,27.0693430656934,20.0236982894012
2040-12-01,2040,12,84.4759124087591,75.0812453916861
2041-01-01,2041,1,160.459124087591,141.981797715932
2041-02-01,2041,2,29.2051094890511,25.8420577285625
2041-03-01,2041,3,47.9109489051095,39.9069347428664
2041-04-01,2041,4,5.47007299270073,4.55624133829551
2041-05-01,2041,5,30.6642335766423,25.5414596506264
2041-06-01,2041,6,56.8941605839416,44.9800476572241
2041-07-01,2041,7,23.0905109489051,18.255164893048
2041-08-01,2041,8,19.9554744525547,15.7766312515344
2041-09-01,2041,9,26.6299270072993,19.4529886583644
2041-10-01,2041,10,28.756204379562,21.0062204639126
2041-11-01,2041,11,24.6627737226277,18.0159959649375
2041-12-01,2041,12,20.4948905109489,18.1348453400959
2042-01-01,2042,1,9.53941605839416,8.40421916369094
2042-02-01,2042,2,49.8153284671533,43.8872710432639
2042-03-01,2042,3,48.1094890510949,39.8037456217451
2042-04-01,2042,4,7.06131386861314,5.84223084728814
2042-05-01,2042,5,91.5992700729927,75.7853412504689
2042-06-01,2042,6,84.1970802919708,65.9763516421084
2042-07-01,2042,7,51.9649635036497,40.7194488609015
2042-08-01,2042,8,41.214598540146,32.2955242229736
2042-09-01,2042,9,42.2423357664234,30.4773378491547
2042-10-01,2042,10,49.1620437956205,35.4698240740992
2042-11-01,2042,11,84.2182481751825,60.7624544459776
2042-12-01,2042,12,61.563503649635,54.2374055171797
2043-01-01,2043,1,63.3445255474453,55.5568018735519
2043-02-01,2043,2,23.7875912408759,20.8630893071971
2043-03-01,2043,3,7.47518248175183,6.14190173443507
2043-04-01,2043,4,55.1430656934307,45.3076953842039
2043-05-01,2043,5,100.041605839416,82.1980886648244
2043-06-01,2043,6,29.1554744525547,22.6370766026115
2043-07-01,2043,7,35.5759124087591,27.6220733679163
2043-08-01,2043,8,53.5058394160584,41.5433399144089
2043-09-01,2043,9,64.8372262773722,46.1811460786211
2043-10-01,2043,10,33.829197080292,24.0952795451808
2043-11-01,2043,11,82.851094890511,59.011755060961
2043-12-01,2043,12,25.221897810219,22.1210588824723
2044-01-01,2044,1,13.7394160583942,11.9973935016867
2044-02-01,2044,2,17.9474452554744,15.671886065955
2044-03-01,2044,3,27.3087591240876,22.2854971393146
2044-04-01,2044,4,22.5817518248175,18.427990938951
2044-05-01,2044,5,56.6547445255474,46.2334865277357
2044-06-01,2044,6,6.23138686131387,4.79460936056716
2044-07-01,2044,7,23.6138686131387,18.1691937945072
2044-08-01,2044,8,47.3875912408759,36.4613838933326
2044-09-01,2044,9,15.4671532846715,10.8773886487299
2044-10-01,2044,10,20.2452554744526,14.2376239528634
2044-11-01,2044,11,20.0160583941606,14.0764394301781
2044-12-01,2044,12,7.92043795620438,6.91620447786229
2045-01-01,2045,1,77.0321167883212,66.9615689078855
2045-02-01,2045,2,43.2875912408759,37.6285261859992
2045-03-01,2045,3,18.6839416058394,15.1403135538264
2045-04-01,2045,4,39.6605839416058,32.1384903288338
2045-05-01,2045,5,57.7452554744525,46.7931923880441
2045-06-01,2045,6,116.097080291971,88.4962676189263
2045-07-01,2045,7,30.9474452554745,23.5900281950497
2045-08-01,2045,8,57.1014598540146,43.5262115116406
2045-09-01,2045,9,12.0700729927007,8.37701872280459
2045-10-01,2045,10,36.2080291970803,25.1295363899808
2045-11-01,2045,11,26.4197080291971,18.3361267943827
2045-12-01,2045,12,25.9262773722628,22.5368882638693
2046-01-01,2046,1,56.2540145985401,48.6569736796931
2046-02-01,2046,2,72.8270072992701,62.9918024983655
2046-03-01,2046,3,39.7817518248175,31.9875219376415
2046-04-01,2046,4,44.0810218978102,35.4444585849086
2046-05-01,2046,5,17.614598540146,14.1634626777337
2046-06-01,2046,6,28.0240875912409,21.1416587329523
2046-07-01,2046,7,24.0452554744526,18.1399870283884
2046-08-01,2046,8,11.2824817518248,8.51161980140243
2046-09-01,2046,9,13.1124087591241,8.96794878233387
2046-10-01,2046,10,30.6226277372263,20.9436848845053
2046-11-01,2046,11,49.8445255474453,34.0900867568043
2046-12-01,2046,12,46.5569343065693,40.26947309145
2047-01-01,2047,1,11.2642335766423,9.69438323719158
2047-02-01,2047,2,96.9204379562044,83.4130314034175
2047-03-01,2047,3,39.1102189781022,31.2026094779609
2047-04-01,2047,4,37.2014598540146,29.6797781798353
2047-05-01,2047,5,36.1094890510949,28.8085905614812
2047-06-01,2047,6,26.0868613138686,19.475395780306
2047-07-01,2047,7,74.0985401459854,55.3189737440266
2047-08-01,2047,8,38.5540145985401,28.7828682873047
2047-09-01,2047,9,56.1189781021898,37.8143510561352
2047-10-01,2047,10,52.436496350365,35.3330040603338
2047-11-01,2047,11,79.314598540146,53.4441319942082
2047-12-01,2047,12,166.39197080292,143.20259976675
2048-01-01,2048,1,62.6386861313868,53.6444513380436
2048-02-01,2048,2,88.0211678832116,75.3822844771116
2048-03-01,2048,3,28.8751824817518,22.8600571386168
2048-04-01,2048,4,50.614598540146,40.0708329863234
2048-05-01,2048,5,55.4131386861314,43.8697666203704
2048-06-01,2048,6,96.7817518248175,71.5100572045949
2048-07-01,2048,7,10.0051094890511,7.39257079366912
2048-08-01,2048,8,33.7839416058394,24.9622635598002
2048-09-01,2048,9,37.4080291970803,24.8367076138204
2048-10-01,2048,10,26.2211678832117,17.4092967201559
2048-11-01,2048,11,25.4051094890511,16.8674824581752
2048-12-01,2048,12,44.2467153284672,37.8933677237025
2049-01-01,2049,1,39.8138686131387,33.9251508173228
2049-02-01,2049,2,57.2744525547445,48.8032062339728
2049-03-01,2049,3,75.8233576642336,59.5533507057974
2049-04-01,2049,4,29.2992700729927,23.0122980547441
2049-05-01,2049,5,47.4992700729927,37.3069826510816
2049-06-01,2049,6,66.9591240875912,48.9490527820514
2049-07-01,2049,7,43.0547445255474,31.4742612155722
2049-08-01,2049,8,22.6941605839416,16.5900865551133
2049-09-01,2049,9,73.7445255474453,48.2168850091196
2049-10-01,2049,10,85.4875912408759,55.8949335692177
2049-11-01,2049,11,77.0503649635037,50.3783644925038
2049-12-01,2049,12,36.5138686131387,31.1132412592493
2050-01-01,2050,1,88.0167883211679,74.6185864402639
2050-02-01,2050,2,134.460583941606,113.992556386451
2050-03-01,2050,3,169.889781021898,132.371181425899
2050-04-01,2050,4,83.7313868613138,65.2400782118408
2050-05-01,2050,5,54.7912408759124,42.6910979748729
2050-06-01,2050,6,118.617518248175,85.7816020609926
2050-07-01,2050,7,107.235766423358,77.5505673857376
2050-08-01,2050,8,52.7686131386861,38.1611100992908
2050-09-01,2050,9,60.3956204379562,38.8786574020816
2050-10-01,2050,10,152.02700729927,97.864810226165
2050-11-01,2050,11,122.16496350365,78.6416254714269
2050-12-01,2050,12,17.4948905109489,14.831761357739
2051-01-01,2051,1,69.2861313868613,58.4270538459155
2051-02-01,2051,2,37.0817518248175,31.2700026282653
2051-03-01,2051,3,29.2919708029197,22.631674093241
2051-04-01,2051,4,25.9313868613139,20.035206923411
2051-05-01,2051,5,47.7671532846715,36.9060399784646
2051-06-01,2051,6,84.2569343065694,60.2425431880335
2051-07-01,2051,7,52.8678832116788,37.7998056047376
2051-08-01,2051,8,69.6357664233577,49.7886102872824
2051-09-01,2051,9,47.8094890510949,30.2724911376927
2051-10-01,2051,10,33.178102189781,21.0080430567288
2051-11-01,2051,11,22.7751824817518,14.4210181602511
2051-12-01,2051,12,18.5503649635036,15.643003165126
2052-01-01,2052,1,15.3321167883212,12.8586382554768
2052-02-01,2052,2,17.8379562043796,14.9602190758078
2052-03-01,2052,3,84.1343065693431,64.4428650676306
2052-04-01,2052,4,107.018248175182,81.9708726218994
2052-05-01,2052,5,76.9452554744525,58.9363948943666
2052-06-01,2052,6,95.4036496350365,67.4144602493727
2052-07-01,2052,7,76.1678832116788,53.8220157687431
2052-08-01,2052,8,85.9649635036497,60.7448628760558
2052-09-01,2052,9,32.1087591240876,19.9853691424099
2052-10-01,2052,10,81.0445255474453,50.4443274739347
2052-11-01,2052,11,40.4007299270073,25.1465183719395
2052-12-01,2052,12,59.1722627737226,49.6262018004514
2053-01-01,2053,1,62.7452554744525,52.3401235352589
2053-02-01,2053,2,40.8226277372263,34.0529552815396
2053-03-01,2053,3,13.9817518248175,10.6179790444619
2053-04-01,2053,4,21.5313868613139,16.3512997052226
2053-05-01,2053,5,74.2496350364963,56.3864298804883
2053-06-01,2053,6,21.3087591240876,14.8827081701461
2053-07-01,2053,7,10.670802919708,7.4528246750716
2053-08-01,2053,8,59.7788321167883,41.7514181827991
2053-09-01,2053,9,36.0474452554745,22.0568653167251
2053-10-01,2053,10,61.9963503649635,37.9345926025321
2053-11-01,2053,11,59.5671532846715,36.4482050805302
2053-12-01,2053,12,20.5715328467153,17.1601272855621
2054-01-01,2054,1,100.135766423358,83.0696297053538
2054-02-01,2054,2,100.703649635037,83.5407285923451
2054-03-01,2054,3,1.80802919708029,1.36098568446977
2054-04-01,2054,4,41.2978102189781,31.086737204655
2054-05-01,2054,5,7.35620437956204,5.53734910298196
2054-06-01,2054,6,33.5890510948905,23.178756142689
2054-07-01,2054,7,21.4861313868613,14.826908877506
2054-08-01,2054,8,30.3065693430657,20.9136179030455
2054-09-01,2054,9,27.329197080292,16.4281706277397
2054-10-01,2054,10,101.444525547445,60.9804953305902
2054-11-01,2054,11,94.4270072992701,56.7621135455128
2054-12-01,2054,12,62.7423357664234,52.0491607057796
2055-01-01,2055,1,61.1700729927007,50.4693023195625
2055-02-01,2055,2,190.656934306569,157.304413515861
2055-03-01,2055,3,43.0912408759124,32.1551169806536
2055-04-01,2055,4,29.2912408759124,21.857418299596
2055-05-01,2055,5,75.8452554744525,56.5964918307065
2055-06-01,2055,6,45.4518248175182,30.9925441651351
2055-07-01,2055,7,39.3992700729927,26.8654475967415
2055-08-01,2055,8,69.6109489051095,47.4660900190535
2055-09-01,2055,9,37.8773722627737,22.3695638460222
2055-10-01,2055,10,119.527737226277,70.5905185477081
2055-11-01,2055,11,65.4773722627737,38.6695320134814
2055-12-01,2055,12,38.5394160583942,31.7975334196936
2056-01-01,2056,1,93.0810218978102,76.3611392039107
2056-02-01,2056,2,144.553284671533,118.587583893352
2056-03-01,2056,3,205.804379562044,152.172247857206
2056-04-01,2056,4,90.2343065693431,66.719460944968
2056-05-01,2056,5,95.941605839416,70.9394516029363
2056-06-01,2056,6,95.4802919708029,64.2910279275839
2056-07-01,2056,7,92.158394160584,62.0542498398643
2056-08-01,2056,8,48.2167883211679,32.4664579522079
2056-09-01,2056,9,43.3328467153285,25.1155542421962
2056-10-01,2056,10,101.686861313869,58.9373206386586
2056-11-01,2056,11,14.092700729927,8.16807610002495
2056-12-01,2056,12,11.4226277372263,9.3708131790215
2057-01-01,2057,1,21.4890510948905,17.53021347866
2057-02-01,2057,2,53.3452554744526,43.5176831406558
2057-03-01,2057,3,22.0503649635037,16.1569829284236
2057-04-01,2057,4,26.3167883211679,19.2831229931936
2057-05-01,2057,5,4.47226277372263,3.27696495754416
2057-06-01,2057,6,27.7350364963503,18.443265524744
2057-07-01,2057,7,58.6226277372263,38.9829192854375
2057-08-01,2057,8,43.0270072992701,28.6121318232252
2057-09-01,2057,9,4.3,2.4459841952927
2057-10-01,2057,10,11.5678832116788,6.5801998857577
2057-11-01,2057,11,14.3416058394161,8.15798632984402
2057-12-01,2057,12,51.2919708029197,41.8426664791249
2058-01-01,2058,1,82.9240875912409,67.258213682074
2058-02-01,2058,2,49.1985401459854,39.9040378025733
2058-03-01,2058,3,72.407299270073,52.5621377891601
2058-04-01,2058,4,37.6481751824818,27.3296834904868
2058-05-01,2058,5,47.3744525547445,34.3902138040067
2058-06-01,2058,6,38.5313868613138,25.2938290127587
2058-07-01,2058,7,43.8846715328467,28.8079788570335
2058-08-01,2058,8,68.6569343065693,45.0696665329258
2058-09-01,2058,9,59.57299270073,33.2328654024865
2058-10-01,2058,10,67.5051094890511,37.6578062629756
2058-11-01,2058,11,20.763503649635,11.5829454051232
2058-12-01,2058,12,67.270802919708,54.562120232678
2059-01-01,2059,1,66.1043795620438,53.3120675236786
2059-02-01,2059,2,112.571532846715,90.7870431600572
2059-03-01,2059,3,117.141605839416,84.2542961847786
2059-04-01,2059,4,78.7605839416059,56.6486819055482
2059-05-01,2059,5,13.8832116788321,9.98552325113088
2059-06-01,2059,6,52.321897810219,33.9090228280063
2059-07-01,2059,7,58.4897810218978,37.9063337318254
2059-08-01,2059,8,12.4255474452555,8.05280751665229
2059-09-01,2059,9,25.4576642335766,13.9275956136374
2059-10-01,2059,10,79.9744525547445,43.7531041491008
2059-11-01,2059,11,49.0890510948905,26.8560558594015
2059-12-01,2059,12,36.0912408759124,29.1069772280985
2060-01-01,2060,1,69.0102189781022,55.3317506416676
2060-02-01,2060,2,53.0948905109489,42.5709885521545
2060-03-01,2060,3,23.9445255474453,17.0591336648631
2060-04-01,2060,4,34.743795620438,24.7530088804359
2060-05-01,2060,5,72.3116788321168,51.518022033197
2060-06-01,2060,6,15.5124087591241,9.92098240370565
2060-07-01,2060,7,83.756204379562,53.5663959578208
2060-08-01,2060,8,72.7759124087591,46.5439350930107
2060-09-01,2060,9,79.4131386861314,42.5738741000971
2060-10-01,2060,10,43.4554744525547,23.2967482322436
2060-11-01,2060,11,57.2262773722628,30.6793607250967
2060-12-01,2060,12,72.2131386861314,57.899821823505
2061-01-01,2061,1,41.0605839416058,32.7293187034391
2061-02-01,2061,2,31.0335766423358,24.73680895233
2061-03-01,2061,3,61.3525547445256,43.2925918155106
2061-04-01,2061,4,68.514598540146,48.3463901438723
2061-05-01,2061,5,7.3934306569343,5.2170733049303
2061-06-01,2061,6,43.7051094890511,27.5787121046136
2061-07-01,2061,7,60.3357664233577,38.0729564861941
2061-08-01,2061,8,80.4124087591241,50.7416797883084
2061-09-01,2061,9,15.1802919708029,7.97153322851498
2061-10-01,2061,10,49.6233576642336,26.0584081842267
2061-11-01,2061,11,152.487591240876,80.0748696303607
2061-12-01,2061,12,79.5248175182482,63.3890911315129
2062-01-01,2062,1,131.721167883212,104.388975726521
2062-02-01,2062,2,42.2956204379562,33.5192631995992
2062-03-01,2062,3,27.3518248175182,19.1179632315569
2062-04-01,2062,4,13.7905109489051,9.63908196343418
2062-05-01,2062,5,86.6182481751826,60.5431079952811
2062-06-01,2062,6,16.5489051094891,10.3042642903065
2062-07-01,2062,7,51.0182481751825,31.7667851345701
2062-08-01,2062,8,70.1029197080292,43.6499579527755
2062-09-01,2062,9,34.5036496350365,17.7473370066737
2062-10-01,2062,10,39.514598540146,20.3247744627941
2062-11-01,2062,11,21.3744525547445,10.9941880593701
2062-12-01,2062,12,118.951824817518,94.2692761767102
2063-01-01,2063,1,92.8437956204379,73.1430075418257
2063-02-01,2063,2,57.6846715328467,45.4443976226878
2063-03-01,2063,3,81.6321167883212,56.5022530412447
2063-04-01,2063,4,41.5109489051095,28.7320999540004
2063-05-01,2063,5,100.043795620438,69.2460281289835
2063-06-01,2063,6,70.9846715328467,43.5932485347858
2063-07-01,2063,7,58.0686131386862,35.6612129064191
2063-08-01,2063,8,58.0547445255474,35.6526958859648
2063-09-01,2063,9,47.529197080292,23.9251910507114
2063-10-01,2063,10,48.878102189781,24.6042013104321
2063-11-01,2063,11,36.9445255474452,18.5970916047102
2063-12-01,2063,12,78.1240875912409,61.5467160697004
2064-01-01,2064,1,33.2795620437956,26.064837867682
2064-02-01,2064,2,16.7102189781022,13.0875865440933
2064-03-01,2064,3,23.985401459854,16.4416480264334
2064-04-01,2064,4,87.6729927007299,60.0985766205408
2064-05-01,2064,5,43.0043795620438,29.478884209536
2064-06-01,2064,6,91.814598540146,55.6175487860151
2064-07-01,2064,7,53.7941605839416,32.5863141401407
2064-08-01,2064,8,37.9102189781022,22.9644684726382
2064-09-01,2064,9,75.8978102189781,37.3884855402346
2064-10-01,2064,10,83.9766423357664,41.368248551961
2064-11-01,2064,11,30.2474452554745,14.9003794220214
2064-12-01,2064,12,22.2715328467153,17.4432551711603
2065-01-01,2065,1,3.63868613138686,2.83277575304401
2065-02-01,2065,2,4.38686131386861,3.41524218170401
2065-03-01,2065,3,8.01532846715328,5.43982676864954
2065-04-01,2065,4,33.4810218978102,22.722831622911
2065-05-01,2065,5,26.5605839416058,18.0260829120863
2065-06-01,2065,6,20.7934306569343,12.4183768361339
2065-07-01,2065,7,30.1627737226278,18.013991855919
2065-08-01,2065,8,44.2846715328467,26.4479560026765
2065-09-01,2065,9,36.3343065693431,17.4998299645929
2065-10-01,2065,10,82.4496350364964,39.7105306255887
2065-11-01,2065,11,30.4255474452555,14.653971883445
2065-12-01,2065,12,83.5401459854015,65.0373490342803
2066-01-01,2066,1,17.7569343065693,13.7424021768379
2066-02-01,2066,2,22.4540145985401,17.3775548059312
2066-03-01,2066,3,73.7576642335766,49.5656255514443
2066-04-01,2066,4,17.4386861313869,11.7189094296726
2066-05-01,2066,5,40.2846715328467,27.0715588055599
2066-06-01,2066,6,32.0766423357664,18.8887571684976
2066-07-01,2066,7,30.1350364963504,17.7454167641694
2066-08-01,2066,8,72.1299270072992,42.4746661935736
2066-09-01,2066,9,49.5102189781022,23.3129316144171
2066-10-01,2066,10,98.2525547445255,46.2642892109604
2066-11-01,2066,11,86.6138686131387,40.7839681890984
2066-12-01,2066,12,90.3700729927008,69.9389808158746
2067-01-01,2067,1,53.2036496350365,40.9355659050159
2067-02-01,2067,2,23.2233576642336,17.8683472792052
2067-03-01,2067,3,46.6919708029197,31.0721561909022
2067-04-01,2067,4,4.39124087591241,2.92224380384673
2067-05-01,2067,5,25.2481751824818,16.8019303814924
2067-06-01,2067,6,61.0087591240876,35.4260340579708
2067-07-01,2067,7,11.456204379562,6.65228882462551
2067-08-01,2067,8,85.0211678832117,49.3693501117272
2067-09-01,2067,9,26.7094890510949,12.2951274246094
2067-10-01,2067,10,45.7131386861314,21.0430406979944
2067-11-01,2067,11,15.1467153284672,6.97245816539325
2067-12-01,2067,12,8.27956204379562,6.3704005276598
2068-01-01,2068,1,107.9,82.523445150401
2068-02-01,2068,2,11.2262773722628,8.58601561606225
2068-03-01,2068,3,45.5021897810219,29.9768227004172
2068-04-01,2068,4,50.9766423357664,33.5833896459902
2068-05-01,2068,5,131.367153284672,86.5446230527481
2068-06-01,2068,6,19.9386861313869,11.411081460635
2068-07-01,2068,7,39.1934306569343,22.430737261268
2068-08-01,2068,8,49.3153284671533,28.2235863831975
2068-09-01,2068,9,23.4087591240876,10.5237676281666
2068-10-01,2068,10,35.6518248175182,16.0278260761628
2068-11-01,2068,11,35.2905109489051,15.8653918704895
2068-12-01,2068,12,98.2700729927007,75.1583408576371
2069-01-01,2069,1,33.4635036496351,25.4426156340836
2069-02-01,2069,2,120.308759124088,91.4718777763456
2069-03-01,2069,3,121.974452554745,79.5595685357805
2069-04-01,2069,4,72.821897810219,47.4991168100335
2069-05-01,2069,5,65.692700729927,42.8489967903514
2069-06-01,2069,6,45.2153284671533,25.506716531083
2069-07-01,2069,7,52.3642335766424,29.5395324436736
2069-08-01,2069,8,54.6116788321167,30.8073535785384
2069-09-01,2069,9,42.5065693430657,18.6613333624728
2069-10-01,2069,10,80.6007299270073,35.3855207247369
2069-11-01,2069,11,89.1686131386861,39.147012825721
2069-12-01,2069,12,19.8985401459854,15.129046674681
2070-01-01,2070,1,76.5306569343066,57.8350417841603
2070-02-01,2070,2,32.3744525547445,24.4657225123548
2070-03-01,2070,3,52.6167883211679,33.9690134683374
2070-04-01,2070,4,62.0430656934307,40.054549154404
2070-05-01,2070,5,40.9671532846715,26.448094345709
2070-06-01,2070,6,19.4284671532847,10.7974464015044
2070-07-01,2070,7,5.13211678832116,2.85219392301826
2070-08-01,2070,8,51.3700729927007,28.5491184355364
2070-09-01,2070,9,113.613868613139,48.6562353471195
2070-10-01,2070,10,54.9773722627737,23.544590077222
2070-11-01,2070,11,71.3189781021898,30.5430404370097
2070-12-01,2070,12,86.1715328467153,65.1207555564684
2071-01-01,2071,1,103.177372262774,77.5074625692066
2071-02-01,2071,2,107.710948905109,80.9131126085921
2071-03-01,2071,3,29.636496350365,18.9394198738554
2071-04-01,2071,4,24.2197080291971,15.4777816569232
2071-05-01,2071,5,25.5598540145985,16.3342117561399
2071-06-01,2071,6,13.6021897810219,7.44804069551753
2071-07-01,2071,7,52.1861313868613,28.575136545534
2071-08-01,2071,8,54.8576642335766,30.0379661106316
2071-09-01,2071,9,43.4963503649635,18.169147858844
2071-10-01,2071,10,10.3116788321168,4.30735948652273
2071-11-01,2071,11,99.1941605839416,41.4350481192392
2071-12-01,2071,12,120.675912408759,90.6524711659222
2072-01-01,2072,1,144.31897810219,107.776706560662
2072-02-01,2072,2,48.7116788321168,36.3776433605901
2072-03-01,2072,3,24.0175182481752,15.1948776516805
2072-04-01,2072,4,34.4379562043796,21.787452212688
2072-05-01,2072,5,32.1890510948905,20.3646641612405
2072-06-01,2072,6,9.55109489051095,5.15320288738677
2072-07-01,2072,7,13.5919708029197,7.33341925609697
2072-08-01,2072,8,47.7970802919708,25.7884624739672
2072-09-01,2072,9,16.8379562043796,6.85966905309753
2072-10-01,2072,10,62.7284671532847,25.5551516856725
2072-11-01,2072,11,40.6678832116788,16.5678195462688
2072-12-01,2072,12,19.8087591240876,14.7930843713148
2073-01-01,2073,1,63.6284671532847,47.2307970820896
2073-02-01,2073,2,167.871532846715,124.609418684279
2073-03-01,2073,3,36.4,22.7908678953592
2073-04-01,2073,4,32.9182481751825,20.6108638875614
2073-05-01,2073,5,37.8175182481752,23.6784083111125
2073-06-01,2073,6,68.7678832116788,36.539713318362
2073-07-01,2073,7,52.6583941605839,27.9799600710448
2073-08-01,2073,8,73.8978102189781,39.2654924675303
2073-09-01,2073,9,38.6036496350365,15.3198649217516
2073-10-01,2073,10,129.43795620438,51.3674749290794
2073-11-01,2073,11,106.439416058394,42.2405003615191
2073-12-01,2073,12,84.2715328467153,62.5539455176768
2074-01-01,2074,1,122.616058394161,90.475868600665
2074-02-01,2074,2,92.1496350364963,67.9953211704145
2074-03-01,2074,3,29.8321167883212,18.4876648501873
2074-04-01,2074,4,163.034306569343,101.036196670988
2074-05-01,2074,5,56.3919708029197,34.9474314492518
2074-06-01,2074,6,30.4992700729927,15.9610969361327
2074-07-01,2074,7,61.8051094890511,32.3442935303744
2074-08-01,2074,8,57.4021897810219,30.0401259849323
2074-09-01,2074,9,59.351094890511,22.9407873173071
2074-10-01,2074,10,92.8248175182482,35.8792773811901
2074-11-01,2074,11,30.7029197080292,11.8675005463946
2074-12-01,2074,12,4.91532846715329,3.62691982067862
2075-01-01,2075,1,29.2620437956204,21.4600421102136
2075-02-01,2075,2,67.9328467153285,49.8202299661595
2075-03-01,2075,3,44.5335766423358,27.3074623966211
2075-04-01,2075,4,28.7299270072993,17.6168513863239
2075-05-01,2075,5,17.1810218978102,10.5351993884982
2075-06-01,2075,6,66.3912408759124,34.200462743432
2075-07-01,2075,7,33.4357664233577,17.2239390132415
2075-08-01,2075,8,54.8773722627737,28.2692641494426
2075-09-01,2075,9,84.8335766423358,31.8960448995451
2075-10-01,2075,10,117.310218978102,44.1067341469805
2075-11-01,2075,11,13.7182481751825,5.15783817041567
2075-12-01,2075,12,44.5656934306569,32.683351319292
2076-01-01,2076,1,200.246715328467,145.991394616651
2076-02-01,2076,2,110.689781021898,80.6992288222634
2076-03-01,2076,3,60.3496350364963,36.6277091238408
2076-04-01,2076,4,20.8153284671533,12.6333456026871
2076-05-01,2076,5,12.5240875912409,7.60118328894715
2076-06-01,2076,6,19.7116788321168,9.99942881710144
2076-07-01,2076,7,56.1686131386862,28.4934659101934
2076-08-01,2076,8,19.3445255474453,9.81317765268739
2076-09-01,2076,9,62.7124087591241,22.9452152238263
2076-10-01,2076,10,128.293430656934,46.9399985819889
2076-11-01,2076,11,44.7656934306569,16.37887127499
2076-12-01,2076,12,25.1416058394161,18.3296794325829
2077-01-01,2077,1,29.3386861313869,21.2601825727423
2077-02-01,2077,2,70.558394160584,51.1299086528868
2077-03-01,2077,3,74.2576642335766,44.5936509325495
2077-04-01,2077,4,26.7467153284672,16.0620953979674
2077-05-01,2077,5,121.764233576642,73.1225764266766
2077-06-01,2077,6,42.2270072992701,21.0823881061172
2077-07-01,2077,7,13.1978102189781,6.58918012388212
2077-08-01,2077,8,17.663503649635,8.81873623238887
2077-09-01,2077,9,32.4182481751825,11.5265218074247
2077-10-01,2077,10,13.285401459854,4.72371205315868
2077-11-01,2077,11,10.7751824817518,3.83118715063614
2077-12-01,2077,12,11.907299270073,8.6285853189318
2078-01-01,2078,1,183.930656934307,132.49070712501
2078-02-01,2078,2,9.19270072992701,6.62177496887663
2078-03-01,2078,3,114.226277372263,67.8804328094444
2078-04-01,2078,4,10.5686131386861,6.28053413411681
2078-05-01,2078,5,99.051094890511,58.8623856619694
2078-06-01,2078,6,81.0627737226277,39.8352567430425
2078-07-01,2078,7,62.9605839416058,30.93961519979
2078-08-01,2078,8,24.7474452554744,12.1612028581627
2078-09-01,2078,9,99.7335766423358,34.4532475876693
2078-10-01,2078,10,34.4868613138686,11.9135842849534
2078-11-01,2078,11,84.3649635036497,29.1441164868651
2078-12-01,2078,12,64.721897810219,46.6211024865271
2079-01-01,2079,1,15.9671532846715,11.4311844122952
2079-02-01,2079,2,5.43284671532847,3.88947682654689
2079-03-01,2079,3,52.9503649635037,31.1275941285051
2079-04-01,2079,4,50.5978102189781,29.7446127401208
2079-05-01,2079,5,63.2437956204379,37.178727711811
2079-06-01,2079,6,25.4773722627737,12.3155352338583
2079-07-01,2079,7,21.6131386861314,10.4475990796054
2079-08-01,2079,8,35.248905109489,17.0390073337798
2079-09-01,2079,9,54.8313868613139,18.3756124218311
2079-10-01,2079,10,39.8007299270073,13.338396657639
2079-11-01,2079,11,28.121897810219,9.42447609494116
2079-12-01,2079,12,2.0021897810219,1.43340520424803
2080-01-01,2080,1,48.3678832116788,34.418667459405
2080-02-01,2080,2,30.5598540145986,21.7464437782644
2080-03-01,2080,3,23.3656934306569,13.5895008581249
2080-04-01,2080,4,20.570802919708,11.9639909151128
2080-05-01,2080,5,75.314598540146,43.803014215182
2080-06-01,2080,6,47.4532846715329,22.5659553428995
2080-07-01,2080,7,42.3408759124088,20.1347982891445
2080-08-01,2080,8,18.8503649635037,8.96411063866701
2080-09-01,2080,9,13.8204379562044,4.49199752266654
2080-10-01,2080,10,39.4343065693431,12.817163101408
2080-11-01,2080,11,10.8649635036496,3.53139236954109
2080-12-01,2080,12,46.9386861313868,33.4016484010096
2081-01-01,2081,1,35.7481751824818,25.2908447803256
2081-02-01,2081,2,90.4956204379562,64.0231474225621
2081-03-01,2081,3,9.75182481751825,5.61324622911691
2081-04-01,2081,4,32.5350364963504,18.7274868391039
2081-05-01,2081,5,65.7970802919708,37.8734462264264
2081-06-01,2081,6,72.3846715328467,33.8782761784854
2081-07-01,2081,7,97.6751824817518,45.7150213964729
2081-08-01,2081,8,32.870802919708,15.384557475226
2081-09-01,2081,9,20.9518248175182,6.60739356892371
2081-10-01,2081,10,63.6284671532847,20.0659526475979
2081-11-01,2081,11,70.8897810218978,22.3558896328144
2081-12-01,2081,12,37.4160583941606,26.4708260018272
2082-01-01,2082,1,31.6445255474453,22.2539847399953
2082-02-01,2082,2,22.1678832116788,15.5895443580296
2082-03-01,2082,3,100.921897810219,57.4732977700193
2082-04-01,2082,4,10.4233576642336,5.93592423248358
2082-05-01,2082,5,13.2175182481752,7.52715098051908
2082-06-01,2082,6,22.6532846715329,10.4284638221052
2082-07-01,2082,7,10.7693430656934,4.95767859614435
2082-08-01,2082,8,3.17226277372263,1.4603545600409
2082-09-01,2082,9,35.0226277372263,10.698612299555
2082-10-01,2082,10,13.0313868613139,3.98079084187399
2082-11-01,2082,11,7.30583941605839,2.23176695996845
2082-12-01,2082,12,13.7182481751825,9.6473459553773
2083-01-01,2083,1,29.8613138686131,20.8766345585568
2083-02-01,2083,2,35.621897810219,24.9039726161499
2083-03-01,2083,3,64.0919708029197,36.1153241660842
2083-04-01,2083,4,54.6467153284671,30.7929965949714
2083-05-01,2083,5,118.195620437956,66.6023074911244
2083-06-01,2083,6,24.2262773722628,10.9706691879551
2083-07-01,2083,7,52.0890510948905,23.5880956490163
2083-08-01,2083,8,57.1131386861314,25.8632121305075
2083-09-01,2083,9,52.0678832116788,15.402340565149
2083-10-01,2083,10,66.8802919708029,19.7840390369443
2083-11-01,2083,11,73.0795620437956,21.6178617896648
2083-12-01,2083,12,81.6029197080292,57.0502135690155
2084-01-01,2084,1,225.112408759124,156.429836038225
2084-02-01,2084,2,59.014598540146,41.0090408804377
2084-03-01,2084,3,29.014598540146,16.1717296607732
2084-04-01,2084,4,63.7540145985401,35.5342738053059
2084-05-01,2084,5,18.2416058394161,10.1672376340222
2084-06-01,2084,6,9.04890510948905,4.02822607025856
2084-07-01,2084,7,115.71897810219,51.5136581470067
2084-08-01,2084,8,54.7985401459854,24.394211825328
2084-09-01,2084,9,49.5810218978102,14.1766315854657
2084-10-01,2084,10,64.4386861313869,18.4248625415379
2084-11-01,2084,11,53.3810218978102,15.2631602200671
2084-12-01,2084,12,23.5255474452555,16.3478217387323
2085-01-01,2085,1,7.09197080291971,4.8989007323222
2085-02-01,2085,2,20.7102189781022,14.3059397363295
2085-03-01,2085,3,49.2963503649635,27.1807517142147
2085-04-01,2085,4,46.4824817518248,25.6292562472297
2085-05-01,2085,5,44.4868613138686,24.5289219782967
2085-06-01,2085,6,36.578102189781,16.0084928758851
2085-07-01,2085,7,14.5335766423358,6.36065416769932
2085-08-01,2085,8,87.9423357664234,38.4881711003255
2085-09-01,2085,9,51.2824817518248,14.167510379
2085-10-01,2085,10,89.6941605839417,24.7792795434177
2085-11-01,2085,11,86.8175182481752,23.9845664414685
2085-12-01,2085,12,63.785401459854,44.0608624325554
2086-01-01,2086,1,53.6328467153285,36.8414415475672
2086-02-01,2086,2,9.48248175182482,6.51370043883725
2086-03-01,2086,3,6.3970802919708,3.49147674521859
2086-04-01,2086,4,22.9700729927007,12.5368874595258
2086-05-01,2086,5,37.2875912408759,20.3512777330838
2086-06-01,2086,6,13.3605839416058,5.75380251925226
2086-07-01,2086,7,74.4978102189781,32.0828558085624
2086-08-01,2086,8,116.101459854015,49.9996762953317
2086-09-01,2086,9,48.9824817518248,13.0909904187808
2086-10-01,2086,10,63.721897810219,17.0302263965837
2086-11-01,2086,11,70.063503649635,18.7250752142507
2086-12-01,2086,12,22.9481751824818,15.7635461547691
2087-01-01,2087,1,35.7883211678832,24.4426257254704
2087-02-01,2087,2,33.9693430656934,23.2003042221485
2087-03-01,2087,3,113.530656934307,61.3149323027153
2087-04-01,2087,4,9.96934306569343,5.38418090480389
2087-05-01,2087,5,55.7795620437956,30.1250795419025
2087-06-01,2087,6,52.0795620437956,22.0550177902817
2087-07-01,2087,7,31.678102189781,13.4152646439394
2087-08-01,2087,8,91.5664233576642,38.7771904542415
2087-09-01,2087,9,19.663503649635,5.07384183394775
2087-10-01,2087,10,53.7240875912409,13.8626120740274
2087-11-01,2087,11,41.514598540146,10.7121553994498
2087-12-01,2087,12,71.7102189781022,48.9764813205669
2088-01-01,2088,1,45.3569343065694,30.803250217482
2088-02-01,2088,2,32.1094890510949,21.8065140582731
2088-03-01,2088,3,40.0532846715328,21.4081402627727
2088-04-01,2088,4,90.4430656934307,48.3410499797603
2088-05-01,2088,5,57.170802919708,30.5573082926287
2088-06-01,2088,6,48.5912408759124,20.2377494079565
2088-07-01,2088,7,88.3021897810219,36.7769490292643
2088-08-01,2088,8,47.9846715328467,19.9851195482898
2088-09-01,2088,9,75.7386861313869,18.8610492095651
2088-10-01,2088,10,16.3824817518248,4.07969573118752
2088-11-01,2088,11,60.9058394160584,15.1672559038504
2088-12-01,2088,12,125.228467153285,85.0463962577748
2089-01-01,2089,1,46.9051094890511,31.6697781596805
2089-02-01,2089,2,29.4620437956204,19.8924253946341
2089-03-01,2089,3,110.798540145985,58.5872829362561
2089-04-01,2089,4,133.632116788321,70.6610630910184
2089-05-01,2089,5,84.4832116788321,44.6724462205896
2089-06-01,2089,6,59.0379562043795,24.1655135268886
2089-07-01,2089,7,50.0839416058394,20.5004415153862
2089-08-01,2089,8,40.7423357664234,16.6767200184262
2089-09-01,2089,9,14.4299270072993,3.46033663583302
2089-10-01,2089,10,32.7832116788321,7.86150535308655
2089-11-01,2089,11,39.5532846715329,9.48498768893315
2089-12-01,2089,12,34.3277372262774,23.1776843615253
2090-01-01,2090,1,55.6240875912408,37.3426984971429
2090-02-01,2090,2,95.5642335766423,64.1561330010032
2090-03-01,2090,3,29.3686131386862,15.365387283271
2090-04-01,2090,4,240.641605839416,125.901466736957
2090-05-01,2090,5,62.4131386861314,32.653978005303
2090-06-01,2090,6,37.0014598540146,14.8865865301343
2090-07-01,2090,7,81.1613138686132,32.653168998504
2090-08-01,2090,8,111.657664233577,44.9225918902624
2090-09-01,2090,9,39.651094890511,9.15136433849062
2090-10-01,2090,10,43.9751824817518,10.149351937276
2090-11-01,2090,11,13.907299270073,3.20976666435812
2090-12-01,2090,12,18.7328467153285,12.5761172394289
2091-01-01,2091,1,68.9467153284671,46.0343641167086
2091-02-01,2091,2,18.8671532846715,12.5972267136229
2091-03-01,2091,3,16.7664233576642,8.68300850374057
2091-04-01,2091,4,11.4664233576642,5.93824033893167
2091-05-01,2091,5,37.0328467153285,19.1785997578267
2091-06-01,2091,6,89.4481751824818,35.3918066163766
2091-07-01,2091,7,58.0109489051095,22.9530930183161
2091-08-01,2091,8,58.6182481751825,23.1933820826915
2091-09-01,2091,9,43.3138686131387,9.62568632486922
2091-10-01,2091,10,14.8474452554745,3.29956328840858
2091-11-01,2091,11,25.1262773722628,5.58383890058937
2091-12-01,2091,12,85.1182481751824,56.8317781464329
2092-01-01,2092,1,71.1540145985401,47.2477024811166
2092-02-01,2092,2,149.28102189781,99.125612918677
2092-03-01,2092,3,26.7080291970803,13.6897559704924
2092-04-01,2092,4,37.7649635036496,19.3572176660655
2092-05-01,2092,5,24.1985401459854,12.4034651526036
2092-06-01,2092,6,27.3773722627737,10.650133993947
2092-07-01,2092,7,32.2109489051095,12.5304546623
2092-08-01,2092,8,76.7642335766424,29.8622294969318
2092-09-01,2092,9,48.885401459854,10.4450907352642
2092-10-01,2092,10,78.3379562043796,16.7380656828986
2092-11-01,2092,11,75.4372262773722,16.1182817314265
2092-12-01,2092,12,151.247445255475,100.431357735453
2093-01-01,2093,1,55.3510948905109,36.5464586565188
2093-02-01,2093,2,39.9051094890511,26.3479961328729
2093-03-01,2093,3,59.8102189781022,30.3312373621317
2093-04-01,2093,4,7.28321167883212,3.69349629484196
2093-05-01,2093,5,38.3430656934307,19.4447144085035
2093-06-01,2093,6,26.3613138686131,10.0749145887706
2093-07-01,2093,7,116.887591240876,44.6727543288763
2093-08-01,2093,8,26.070802919708,9.9638854871139
2093-09-01,2093,9,91.8467153284671,18.8174592275137
2093-10-01,2093,10,87.1343065693431,17.8519858366465
2093-11-01,2093,11,64.1394160583942,13.1408166556533
2093-12-01,2093,12,43.048905109489,28.4237382097758
2094-01-01,2094,1,15.8043795620438,10.3772522341306
2094-02-01,2094,2,93.9810218978102,61.7085134931298
2094-03-01,2094,3,53.7007299270073,26.9478148074523
2094-04-01,2094,4,24.8751824817518,12.4827318312242
2094-05-01,2094,5,10.2861313868613,5.16173176928934
2094-06-01,2094,6,27.9861313868613,10.5096204370263
2094-07-01,2094,7,23.7883211678832,8.93321848785079
2094-08-01,2094,8,12.9284671532847,4.85502196553586
2094-09-01,2094,9,15.1795620437956,2.97994135119627
2094-10-01,2094,10,27.9547445255474,5.48787237296185
2094-11-01,2094,11,65.7379562043796,12.9051980202966
2094-12-01,2094,12,40.1766423357664,26.3802289613437
2095-01-01,2095,1,166.162773722628,108.495318098232
2095-02-01,2095,2,13.1240875912409,8.56932046848007
2095-03-01,2095,3,16.8284671532847,8.35541305078269
2095-04-01,2095,4,9.28467153284671,4.60988306250079
2095-05-01,2095,5,113.527737226277,56.3670552169758
2095-06-01,2095,6,41.5795620437956,15.3376018319985
2095-07-01,2095,7,50.214598540146,18.5228386424849
2095-08-01,2095,8,4.46569343065693,1.6472763150089
2095-09-01,2095,9,65.6306569343066,12.3219270833675
2095-10-01,2095,10,32.4065693430657,6.0842204408687
2095-11-01,2095,11,85.2729927007299,16.0097071600343
2095-12-01,2095,12,56.0970802919708,36.6283640691934
2096-01-01,2096,1,93.6569343065693,60.8277044976749
2096-02-01,2096,2,25.3007299270073,16.4321556643941
2096-03-01,2096,3,29.4554744525547,14.4763943948895
2096-04-01,2096,4,8.54890510948905,4.20150495992829
2096-05-01,2096,5,64.0532846715328,31.4800772497086
2096-06-01,2096,6,53.5102189781022,19.4006061670442
2096-07-01,2096,7,82,29.72982985453
2096-08-01,2096,8,60.9459854014598,22.0965094670984
2096-09-01,2096,9,66.4058394160584,11.927789430711
2096-10-01,2096,10,64.0240875912409,11.4999801523034
2096-11-01,2096,11,52.778102189781,9.47998090240272
2096-12-01,2096,12,62.7985401459854,40.78599274221
2097-01-01,2097,1,51.4401459854015,33.2255665643651
2097-02-01,2097,2,51.8649635036496,33.4999593068403
2097-03-01,2097,3,17.756204379562,8.63472136571736
2097-04-01,2097,4,2.51240875912409,1.22176728359777
2097-05-01,2097,5,48.7080291970803,23.6863831593489
2097-06-01,2097,6,39.1116788321168,13.9266345686312
2097-07-01,2097,7,24.3576642335766,8.67312012308421
2097-08-01,2097,8,28,9.970059572116
2097-09-01,2097,9,87.0131386861314,14.9030023654033
2097-10-01,2097,10,33.2007299270073,5.68638902246804
2097-11-01,2097,11,21.5664233576642,3.69374629125735
2097-12-01,2097,12,35.3481751824817,22.8316449138323
2098-01-01,2098,1,71.678102189781,46.0485142517794
2098-02-01,2098,2,37.2109489051095,23.9056121553322
2098-03-01,2098,3,5.82992700729927,2.8056845495538
2098-04-01,2098,4,68.1277372262774,32.7868495596099
2098-05-01,2098,5,53.9430656934306,25.9603980945442
2098-06-01,2098,6,83.9496350364964,29.3621302084048
2098-07-01,2098,7,92.5430656934307,32.367758878215
2098-08-01,2098,8,108.605839416058,37.9858566024861
2098-09-01,2098,9,81.3671532846715,13.2747324596098
2098-10-01,2098,10,63.1036496350365,10.2951133511988
2098-11-01,2098,11,66.5956204379562,10.864814714639
2098-12-01,2098,12,26.7416058394161,17.17974081333
2099-01-01,2099,1,53.3656934306569,34.093667538905
2099-02-01,2099,2,24.4255474452555,15.6047160735646
2099-03-01,2099,3,86.821897810219,41.3343158266886
2099-04-01,2099,4,42.4656934306569,20.2171390897137
2099-05-01,2099,5,19.3343065693431,9.2047093438815
2099-06-01,2099,6,40.6861313868613,13.9664721088856
2099-07-01,2099,7,54.2883211678832,18.635743866135
2099-08-01,2099,8,60.841605839416,20.885313055112
2099-09-01,2099,9,47.070802919708,7.2865372246414
2099-10-01,2099,10,143.271532846715,22.1783630735972
2099-11-01,2099,11,46.2627737226277,7.16145470091293
2099-12-01,2099,12,112.934306569343,72.1501859038912
2100-01-01,2100,1,31.0905109489051,19.754792968251
2100-02-01,2100,2,25.6693430656934,16.3102034163141
2100-03-01,2100,3,112.248905109489,52.8741748079903
2100-04-01,2100,4,57.2007299270073,26.9440614173933
2100-05-01,2100,5,74.7788321167883,35.2241212279422
2100-06-01,2100,6,35.5,11.9620394062825
2100-07-01,2100,7,32.3489051094891,10.9002500752057
2100-08-01,2100,8,67.5306569343066,22.7550529402907
2100-09-01,2100,9,32.1824817518248,4.72028769869631
2100-10-01,2100,10,83.8270072992701,12.29512361491
2100-11-01,2100,11,113.310948905109,16.6196094623456
2100-12-01,2100,12,23.6233576642336,15.0101920370117
