"lon","lat","values","gridname"
150.8929227,-33.8210665,93.1999969482422,"totals_1900010119000131.tif"
150.8929227,-33.8210665,43.9000015258789,"totals_1900020119000228.tif"
150.8929227,-33.8210665,98.6999969482422,"totals_1900030119000331.tif"
150.8929227,-33.8210665,86.3000030517578,"totals_1900040119000430.tif"
150.8929227,-33.8210665,163.800003051758,"totals_1900050119000531.tif"
150.8929227,-33.8210665,133.699996948242,"totals_1900060119000630.tif"
150.8929227,-33.8210665,288.200012207031,"totals_1900070119000731.tif"
150.8929227,-33.8210665,23.2999992370605,"totals_1900080119000831.tif"
150.8929227,-33.8210665,35.9000015258789,"totals_1900090119000930.tif"
150.8929227,-33.8210665,13.1999998092651,"totals_1900100119001031.tif"
150.8929227,-33.8210665,165,"totals_1900110119001130.tif"
150.8929227,-33.8210665,39.0999984741211,"totals_1900120119001231.tif"
150.8929227,-33.8210665,104.199996948242,"totals_1901010119010131.tif"
150.8929227,-33.8210665,43.2000007629395,"totals_1901020119010228.tif"
150.8929227,-33.8210665,82.4000015258789,"totals_1901030119010331.tif"
150.8929227,-33.8210665,73.0999984741211,"totals_1901040119010430.tif"
150.8929227,-33.8210665,19.8999996185303,"totals_1901050119010531.tif"
150.8929227,-33.8210665,17.6000003814697,"totals_1901060119010630.tif"
150.8929227,-33.8210665,18.8999996185303,"totals_1901070119010731.tif"
150.8929227,-33.8210665,118.599998474121,"totals_1901080119010831.tif"
150.8929227,-33.8210665,49.2000007629395,"totals_1901090119010930.tif"
150.8929227,-33.8210665,42.5999984741211,"totals_1901100119011031.tif"
150.8929227,-33.8210665,44.0999984741211,"totals_1901110119011130.tif"
150.8929227,-33.8210665,12.1000003814697,"totals_1901120119011231.tif"
150.8929227,-33.8210665,28.2000007629395,"totals_1902010119020131.tif"
150.8929227,-33.8210665,2.20000004768372,"totals_1902020119020228.tif"
150.8929227,-33.8210665,22.7999992370605,"totals_1902030119020331.tif"
150.8929227,-33.8210665,26.2999992370605,"totals_1902040119020430.tif"
150.8929227,-33.8210665,5,"totals_1902050119020531.tif"
150.8929227,-33.8210665,7.19999980926514,"totals_1902060119020630.tif"
150.8929227,-33.8210665,23.7999992370605,"totals_1902070119020731.tif"
150.8929227,-33.8210665,49.9000015258789,"totals_1902080119020831.tif"
150.8929227,-33.8210665,58.9000015258789,"totals_1902090119020930.tif"
150.8929227,-33.8210665,108.699996948242,"totals_1902100119021031.tif"
150.8929227,-33.8210665,57.9000015258789,"totals_1902110119021130.tif"
150.8929227,-33.8210665,109.800003051758,"totals_1902120119021231.tif"
150.8929227,-33.8210665,50.0999984741211,"totals_1903010119030131.tif"
150.8929227,-33.8210665,11.1999998092651,"totals_1903020119030228.tif"
150.8929227,-33.8210665,61.2000007629395,"totals_1903030119030331.tif"
150.8929227,-33.8210665,51.5999984741211,"totals_1903040119030430.tif"
150.8929227,-33.8210665,48.5,"totals_1903050119030531.tif"
150.8929227,-33.8210665,27,"totals_1903060119030630.tif"
150.8929227,-33.8210665,81.8000030517578,"totals_1903070119030731.tif"
150.8929227,-33.8210665,70.8000030517578,"totals_1903080119030831.tif"
150.8929227,-33.8210665,111.900001525879,"totals_1903090119030930.tif"
150.8929227,-33.8210665,77.5999984741211,"totals_1903100119031031.tif"
150.8929227,-33.8210665,31.6000003814697,"totals_1903110119031130.tif"
150.8929227,-33.8210665,118.199996948242,"totals_1903120119031231.tif"
150.8929227,-33.8210665,31.2999992370605,"totals_1904010119040131.tif"
150.8929227,-33.8210665,99,"totals_1904020119040229.tif"
150.8929227,-33.8210665,70.9000015258789,"totals_1904030119040331.tif"
150.8929227,-33.8210665,264.399993896484,"totals_1904040119040430.tif"
150.8929227,-33.8210665,26.5,"totals_1904050119040531.tif"
150.8929227,-33.8210665,2.20000004768372,"totals_1904060119040630.tif"
150.8929227,-33.8210665,302.100006103516,"totals_1904070119040731.tif"
150.8929227,-33.8210665,53.7000007629395,"totals_1904080119040831.tif"
150.8929227,-33.8210665,16.1000003814697,"totals_1904090119040930.tif"
150.8929227,-33.8210665,40.7999992370605,"totals_1904100119041031.tif"
150.8929227,-33.8210665,15.8000001907349,"totals_1904110119041130.tif"
150.8929227,-33.8210665,25.1000003814697,"totals_1904120119041231.tif"
150.8929227,-33.8210665,33.7000007629395,"totals_1905010119050131.tif"
150.8929227,-33.8210665,30.5,"totals_1905020119050228.tif"
150.8929227,-33.8210665,84.8000030517578,"totals_1905030119050331.tif"
150.8929227,-33.8210665,88.0999984741211,"totals_1905040119050430.tif"
150.8929227,-33.8210665,60.7000007629395,"totals_1905050119050531.tif"
150.8929227,-33.8210665,27.5,"totals_1905060119050630.tif"
150.8929227,-33.8210665,4.90000009536743,"totals_1905070119050731.tif"
150.8929227,-33.8210665,7.09999990463257,"totals_1905080119050831.tif"
150.8929227,-33.8210665,36.4000015258789,"totals_1905090119050930.tif"
150.8929227,-33.8210665,41.4000015258789,"totals_1905100119051031.tif"
150.8929227,-33.8210665,24.2999992370605,"totals_1905110119051130.tif"
150.8929227,-33.8210665,113.5,"totals_1905120119051231.tif"
150.8929227,-33.8210665,61.0999984741211,"totals_1906010119060131.tif"
150.8929227,-33.8210665,18.6000003814697,"totals_1906020119060228.tif"
150.8929227,-33.8210665,134.5,"totals_1906030119060331.tif"
150.8929227,-33.8210665,6.59999990463257,"totals_1906040119060430.tif"
150.8929227,-33.8210665,43.5999984741211,"totals_1906050119060531.tif"
150.8929227,-33.8210665,20.3999996185303,"totals_1906060119060630.tif"
150.8929227,-33.8210665,2.79999995231628,"totals_1906070119060731.tif"
150.8929227,-33.8210665,126.099998474121,"totals_1906080119060831.tif"
150.8929227,-33.8210665,21.3999996185303,"totals_1906090119060930.tif"
150.8929227,-33.8210665,46,"totals_1906100119061031.tif"
150.8929227,-33.8210665,76.3000030517578,"totals_1906110119061130.tif"
150.8929227,-33.8210665,34.4000015258789,"totals_1906120119061231.tif"
150.8929227,-33.8210665,42.2999992370605,"totals_1907010119070131.tif"
150.8929227,-33.8210665,85.5999984741211,"totals_1907020119070228.tif"
150.8929227,-33.8210665,130.5,"totals_1907030119070331.tif"
150.8929227,-33.8210665,30.8999996185303,"totals_1907040119070430.tif"
150.8929227,-33.8210665,17.6000003814697,"totals_1907050119070531.tif"
150.8929227,-33.8210665,88.5999984741211,"totals_1907060119070630.tif"
150.8929227,-33.8210665,1.39999997615814,"totals_1907070119070731.tif"
150.8929227,-33.8210665,8.69999980926514,"totals_1907080119070831.tif"
150.8929227,-33.8210665,4.80000019073486,"totals_1907090119070930.tif"
150.8929227,-33.8210665,6.90000009536743,"totals_1907100119071031.tif"
150.8929227,-33.8210665,38.7999992370605,"totals_1907110119071130.tif"
150.8929227,-33.8210665,43.7000007629395,"totals_1907120119071231.tif"
150.8929227,-33.8210665,33.7000007629395,"totals_1908010119080131.tif"
150.8929227,-33.8210665,286.5,"totals_1908020119080229.tif"
150.8929227,-33.8210665,36.7000007629395,"totals_1908030119080331.tif"
150.8929227,-33.8210665,35.5999984741211,"totals_1908040119080430.tif"
150.8929227,-33.8210665,16,"totals_1908050119080531.tif"
150.8929227,-33.8210665,2.20000004768372,"totals_1908060119080630.tif"
150.8929227,-33.8210665,97.1999969482422,"totals_1908070119080731.tif"
150.8929227,-33.8210665,183.100006103516,"totals_1908080119080831.tif"
150.8929227,-33.8210665,23.6000003814697,"totals_1908090119080930.tif"
150.8929227,-33.8210665,22.3999996185303,"totals_1908100119081031.tif"
150.8929227,-33.8210665,27,"totals_1908110119081130.tif"
150.8929227,-33.8210665,27.8999996185303,"totals_1908120119081231.tif"
150.8929227,-33.8210665,31.2999992370605,"totals_1909010119090131.tif"
150.8929227,-33.8210665,163,"totals_1909020119090228.tif"
150.8929227,-33.8210665,8.19999980926514,"totals_1909030119090331.tif"
150.8929227,-33.8210665,10.3000001907349,"totals_1909040119090430.tif"
150.8929227,-33.8210665,11.6000003814697,"totals_1909050119090531.tif"
150.8929227,-33.8210665,73.6999969482422,"totals_1909060119090630.tif"
150.8929227,-33.8210665,14,"totals_1909070119090731.tif"
150.8929227,-33.8210665,21.6000003814697,"totals_1909080119090831.tif"
150.8929227,-33.8210665,43.9000015258789,"totals_1909090119090930.tif"
150.8929227,-33.8210665,35.7000007629395,"totals_1909100119091031.tif"
150.8929227,-33.8210665,52.5999984741211,"totals_1909110119091130.tif"
150.8929227,-33.8210665,137.699996948242,"totals_1909120119091231.tif"
150.8929227,-33.8210665,127.699996948242,"totals_1910010119100131.tif"
150.8929227,-33.8210665,26,"totals_1910020119100228.tif"
150.8929227,-33.8210665,115.800003051758,"totals_1910030119100331.tif"
150.8929227,-33.8210665,30.8999996185303,"totals_1910040119100430.tif"
150.8929227,-33.8210665,11,"totals_1910050119100531.tif"
150.8929227,-33.8210665,49.5,"totals_1910060119100630.tif"
150.8929227,-33.8210665,172.100006103516,"totals_1910070119100731.tif"
150.8929227,-33.8210665,8.69999980926514,"totals_1910080119100831.tif"
150.8929227,-33.8210665,48.7000007629395,"totals_1910090119100930.tif"
150.8929227,-33.8210665,52.9000015258789,"totals_1910100119101031.tif"
150.8929227,-33.8210665,26.2999992370605,"totals_1910110119101130.tif"
150.8929227,-33.8210665,235.399993896484,"totals_1910120119101231.tif"
150.8929227,-33.8210665,293.700012207031,"totals_1911010119110131.tif"
150.8929227,-33.8210665,149.600006103516,"totals_1911020119110228.tif"
150.8929227,-33.8210665,72.5999984741211,"totals_1911030119110331.tif"
150.8929227,-33.8210665,43.0999984741211,"totals_1911040119110430.tif"
150.8929227,-33.8210665,17.6000003814697,"totals_1911050119110531.tif"
150.8929227,-33.8210665,2.79999995231628,"totals_1911060119110630.tif"
150.8929227,-33.8210665,82.5,"totals_1911070119110731.tif"
150.8929227,-33.8210665,127.800003051758,"totals_1911080119110831.tif"
150.8929227,-33.8210665,55.0999984741211,"totals_1911090119110930.tif"
150.8929227,-33.8210665,28.7999992370605,"totals_1911100119111031.tif"
150.8929227,-33.8210665,51.2999992370605,"totals_1911110119111130.tif"
150.8929227,-33.8210665,78.1999969482422,"totals_1911120119111231.tif"
150.8929227,-33.8210665,25.7999992370605,"totals_1912010119120131.tif"
150.8929227,-33.8210665,134,"totals_1912020119120229.tif"
150.8929227,-33.8210665,84.8000030517578,"totals_1912030119120331.tif"
150.8929227,-33.8210665,89.0999984741211,"totals_1912040119120430.tif"
150.8929227,-33.8210665,60.7000007629395,"totals_1912050119120531.tif"
150.8929227,-33.8210665,53.9000015258789,"totals_1912060119120630.tif"
150.8929227,-33.8210665,206.300003051758,"totals_1912070119120731.tif"
150.8929227,-33.8210665,71.5999984741211,"totals_1912080119120831.tif"
150.8929227,-33.8210665,9.10000038146973,"totals_1912090119120930.tif"
150.8929227,-33.8210665,28.2000007629395,"totals_1912100119121031.tif"
150.8929227,-33.8210665,45.4000015258789,"totals_1912110119121130.tif"
150.8929227,-33.8210665,51.2000007629395,"totals_1912120119121231.tif"
150.8929227,-33.8210665,14.8999996185303,"totals_1913010119130131.tif"
150.8929227,-33.8210665,17.1000003814697,"totals_1913020119130228.tif"
150.8929227,-33.8210665,153.300003051758,"totals_1913030119130331.tif"
150.8929227,-33.8210665,169.699996948242,"totals_1913040119130430.tif"
150.8929227,-33.8210665,265.799987792969,"totals_1913050119130531.tif"
150.8929227,-33.8210665,219.600006103516,"totals_1913060119130630.tif"
150.8929227,-33.8210665,99.3000030517578,"totals_1913070119130731.tif"
150.8929227,-33.8210665,1.20000004768372,"totals_1913080119130831.tif"
150.8929227,-33.8210665,38.5,"totals_1913090119130930.tif"
150.8929227,-33.8210665,33.4000015258789,"totals_1913100119131031.tif"
150.8929227,-33.8210665,29.6000003814697,"totals_1913110119131130.tif"
150.8929227,-33.8210665,16.7000007629395,"totals_1913120119131231.tif"
150.8929227,-33.8210665,26.6000003814697,"totals_1914010119140131.tif"
150.8929227,-33.8210665,41.7000007629395,"totals_1914020119140228.tif"
150.8929227,-33.8210665,293.5,"totals_1914030119140331.tif"
150.8929227,-33.8210665,49.7000007629395,"totals_1914040119140430.tif"
150.8929227,-33.8210665,45.2000007629395,"totals_1914050119140531.tif"
150.8929227,-33.8210665,79.1999969482422,"totals_1914060119140630.tif"
150.8929227,-33.8210665,92.3000030517578,"totals_1914070119140731.tif"
150.8929227,-33.8210665,20,"totals_1914080119140831.tif"
150.8929227,-33.8210665,106.5,"totals_1914090119140930.tif"
150.8929227,-33.8210665,132.899993896484,"totals_1914100119141031.tif"
150.8929227,-33.8210665,89.4000015258789,"totals_1914110119141130.tif"
150.8929227,-33.8210665,175.800003051758,"totals_1914120119141231.tif"
150.8929227,-33.8210665,10.1999998092651,"totals_1915010119150131.tif"
150.8929227,-33.8210665,31.2999992370605,"totals_1915020119150228.tif"
150.8929227,-33.8210665,107.599998474121,"totals_1915030119150331.tif"
150.8929227,-33.8210665,114.400001525879,"totals_1915040119150430.tif"
150.8929227,-33.8210665,65.0999984741211,"totals_1915050119150531.tif"
150.8929227,-33.8210665,11,"totals_1915060119150630.tif"
150.8929227,-33.8210665,31.5,"totals_1915070119150731.tif"
150.8929227,-33.8210665,17.1000003814697,"totals_1915080119150831.tif"
150.8929227,-33.8210665,25.7000007629395,"totals_1915090119150930.tif"
150.8929227,-33.8210665,17.7999992370605,"totals_1915100119151031.tif"
150.8929227,-33.8210665,0.699999988079071,"totals_1915110119151130.tif"
150.8929227,-33.8210665,64.1999969482422,"totals_1915120119151231.tif"
150.8929227,-33.8210665,24.2999992370605,"totals_1916010119160131.tif"
150.8929227,-33.8210665,66.1999969482422,"totals_1916020119160229.tif"
150.8929227,-33.8210665,48.9000015258789,"totals_1916030119160331.tif"
150.8929227,-33.8210665,88.0999984741211,"totals_1916040119160430.tif"
150.8929227,-33.8210665,21,"totals_1916050119160531.tif"
150.8929227,-33.8210665,56.7000007629395,"totals_1916060119160630.tif"
150.8929227,-33.8210665,58.0999984741211,"totals_1916070119160731.tif"
150.8929227,-33.8210665,53.7000007629395,"totals_1916080119160831.tif"
150.8929227,-33.8210665,63.2000007629395,"totals_1916090119160930.tif"
150.8929227,-33.8210665,266.899993896484,"totals_1916100119161031.tif"
150.8929227,-33.8210665,77.5999984741211,"totals_1916110119161130.tif"
150.8929227,-33.8210665,126.5,"totals_1916120119161231.tif"
150.8929227,-33.8210665,95.5999984741211,"totals_1917010119170131.tif"
150.8929227,-33.8210665,94.5,"totals_1917020119170228.tif"
150.8929227,-33.8210665,12.1999998092651,"totals_1917030119170331.tif"
150.8929227,-33.8210665,139.699996948242,"totals_1917040119170430.tif"
150.8929227,-33.8210665,21.5,"totals_1917050119170531.tif"
150.8929227,-33.8210665,48.4000015258789,"totals_1917060119170630.tif"
150.8929227,-33.8210665,10.5,"totals_1917070119170731.tif"
150.8929227,-33.8210665,22.1000003814697,"totals_1917080119170831.tif"
150.8929227,-33.8210665,100.599998474121,"totals_1917090119170930.tif"
150.8929227,-33.8210665,58.0999984741211,"totals_1917100119171031.tif"
150.8929227,-33.8210665,215.699996948242,"totals_1917110119171130.tif"
150.8929227,-33.8210665,59.5,"totals_1917120119171231.tif"
150.8929227,-33.8210665,227.100006103516,"totals_1918010119180131.tif"
150.8929227,-33.8210665,69.1999969482422,"totals_1918020119180228.tif"
150.8929227,-33.8210665,15.5,"totals_1918030119180331.tif"
150.8929227,-33.8210665,75,"totals_1918040119180430.tif"
150.8929227,-33.8210665,3.90000009536743,"totals_1918050119180531.tif"
150.8929227,-33.8210665,12.6999998092651,"totals_1918060119180630.tif"
150.8929227,-33.8210665,105.599998474121,"totals_1918070119180731.tif"
150.8929227,-33.8210665,38.7000007629395,"totals_1918080119180831.tif"
150.8929227,-33.8210665,53,"totals_1918090119180930.tif"
150.8929227,-33.8210665,15.5,"totals_1918100119181031.tif"
150.8929227,-33.8210665,19.7000007629395,"totals_1918110119181130.tif"
150.8929227,-33.8210665,14,"totals_1918120119181231.tif"
150.8929227,-33.8210665,26.6000003814697,"totals_1919010119190131.tif"
150.8929227,-33.8210665,61,"totals_1919020119190228.tif"
150.8929227,-33.8210665,27.7000007629395,"totals_1919030119190331.tif"
150.8929227,-33.8210665,33.7999992370605,"totals_1919040119190430.tif"
150.8929227,-33.8210665,222.800003051758,"totals_1919050119190531.tif"
150.8929227,-33.8210665,11,"totals_1919060119190630.tif"
150.8929227,-33.8210665,18.2000007629395,"totals_1919070119190731.tif"
150.8929227,-33.8210665,13.6999998092651,"totals_1919080119190831.tif"
150.8929227,-33.8210665,44.4000015258789,"totals_1919090119190930.tif"
150.8929227,-33.8210665,29.8999996185303,"totals_1919100119191031.tif"
150.8929227,-33.8210665,78.1999969482422,"totals_1919110119191130.tif"
150.8929227,-33.8210665,102.300003051758,"totals_1919120119191231.tif"
150.8929227,-33.8210665,125.300003051758,"totals_1920010119200131.tif"
150.8929227,-33.8210665,38,"totals_1920020119200229.tif"
150.8929227,-33.8210665,44,"totals_1920030119200331.tif"
150.8929227,-33.8210665,44.0999984741211,"totals_1920040119200430.tif"
150.8929227,-33.8210665,2.20000004768372,"totals_1920050119200531.tif"
150.8929227,-33.8210665,56.7000007629395,"totals_1920060119200630.tif"
150.8929227,-33.8210665,99.3000030517578,"totals_1920070119200731.tif"
150.8929227,-33.8210665,36.5999984741211,"totals_1920080119200831.tif"
150.8929227,-33.8210665,25.7000007629395,"totals_1920090119200930.tif"
150.8929227,-33.8210665,32.7999992370605,"totals_1920100119201031.tif"
150.8929227,-33.8210665,61.7999992370605,"totals_1920110119201130.tif"
150.8929227,-33.8210665,387,"totals_1920120119201231.tif"
150.8929227,-33.8210665,101.800003051758,"totals_1921010119210131.tif"
150.8929227,-33.8210665,13.3999996185303,"totals_1921020119210228.tif"
150.8929227,-33.8210665,106,"totals_1921030119210331.tif"
150.8929227,-33.8210665,152.800003051758,"totals_1921040119210430.tif"
150.8929227,-33.8210665,114.199996948242,"totals_1921050119210531.tif"
150.8929227,-33.8210665,32.5,"totals_1921060119210630.tif"
150.8929227,-33.8210665,107,"totals_1921070119210731.tif"
150.8929227,-33.8210665,18.7000007629395,"totals_1921080119210831.tif"
150.8929227,-33.8210665,53,"totals_1921090119210930.tif"
150.8929227,-33.8210665,43.7000007629395,"totals_1921100119211031.tif"
150.8929227,-33.8210665,73.5999984741211,"totals_1921110119211130.tif"
150.8929227,-33.8210665,182.399993896484,"totals_1921120119211231.tif"
150.8929227,-33.8210665,124.5,"totals_1922010119220131.tif"
150.8929227,-33.8210665,101.199996948242,"totals_1922020119220228.tif"
150.8929227,-33.8210665,22.7999992370605,"totals_1922030119220331.tif"
150.8929227,-33.8210665,25.2999992370605,"totals_1922040119220430.tif"
150.8929227,-33.8210665,12.1000003814697,"totals_1922050119220531.tif"
150.8929227,-33.8210665,27,"totals_1922060119220630.tif"
150.8929227,-33.8210665,199.300003051758,"totals_1922070119220731.tif"
150.8929227,-33.8210665,21.6000003814697,"totals_1922080119220831.tif"
150.8929227,-33.8210665,66.9000015258789,"totals_1922090119220930.tif"
150.8929227,-33.8210665,51.7999992370605,"totals_1922100119221031.tif"
150.8929227,-33.8210665,12.5,"totals_1922110119221130.tif"
150.8929227,-33.8210665,46.5,"totals_1922120119221231.tif"
150.8929227,-33.8210665,49.2999992370605,"totals_1923010119230131.tif"
150.8929227,-33.8210665,12.6999998092651,"totals_1923020119230228.tif"
150.8929227,-33.8210665,28.5,"totals_1923030119230331.tif"
150.8929227,-33.8210665,106,"totals_1923040119230430.tif"
150.8929227,-33.8210665,9.39999961853027,"totals_1923050119230531.tif"
150.8929227,-33.8210665,86.4000015258789,"totals_1923060119230630.tif"
150.8929227,-33.8210665,142,"totals_1923070119230731.tif"
150.8929227,-33.8210665,102.400001525879,"totals_1923080119230831.tif"
150.8929227,-33.8210665,57.2999992370605,"totals_1923090119230930.tif"
150.8929227,-33.8210665,29.2999992370605,"totals_1923100119231031.tif"
150.8929227,-33.8210665,30.2000007629395,"totals_1923110119231130.tif"
150.8929227,-33.8210665,40.9000015258789,"totals_1923120119231231.tif"
150.8929227,-33.8210665,65.8000030517578,"totals_1924010119240131.tif"
150.8929227,-33.8210665,93,"totals_1924020119240229.tif"
150.8929227,-33.8210665,75,"totals_1924030119240331.tif"
150.8929227,-33.8210665,132.199996948242,"totals_1924040119240430.tif"
150.8929227,-33.8210665,14.8999996185303,"totals_1924050119240531.tif"
150.8929227,-33.8210665,16.5,"totals_1924060119240630.tif"
150.8929227,-33.8210665,33.5999984741211,"totals_1924070119240731.tif"
150.8929227,-33.8210665,50.4000015258789,"totals_1924080119240831.tif"
150.8929227,-33.8210665,64.1999969482422,"totals_1924090119240930.tif"
150.8929227,-33.8210665,27,"totals_1924100119241031.tif"
150.8929227,-33.8210665,94.6999969482422,"totals_1924110119241130.tif"
150.8929227,-33.8210665,57.7000007629395,"totals_1924120119241231.tif"
150.8929227,-33.8210665,96.3000030517578,"totals_1925010119250131.tif"
150.8929227,-33.8210665,32,"totals_1925020119250228.tif"
150.8929227,-33.8210665,62,"totals_1925030119250331.tif"
150.8929227,-33.8210665,12.1999998092651,"totals_1925040119250430.tif"
150.8929227,-33.8210665,180.399993896484,"totals_1925050119250531.tif"
150.8929227,-33.8210665,116.099998474121,"totals_1925060119250630.tif"
150.8929227,-33.8210665,6.30000019073486,"totals_1925070119250731.tif"
150.8929227,-33.8210665,51.2000007629395,"totals_1925080119250831.tif"
150.8929227,-33.8210665,9.10000038146973,"totals_1925090119250930.tif"
150.8929227,-33.8210665,19,"totals_1925100119251031.tif"
150.8929227,-33.8210665,76.9000015258789,"totals_1925110119251130.tif"
150.8929227,-33.8210665,20.5,"totals_1925120119251231.tif"
150.8929227,-33.8210665,21.1000003814697,"totals_1926010119260131.tif"
150.8929227,-33.8210665,9.69999980926514,"totals_1926020119260228.tif"
150.8929227,-33.8210665,190,"totals_1926030119260331.tif"
150.8929227,-33.8210665,72.1999969482422,"totals_1926040119260430.tif"
150.8929227,-33.8210665,54.5999984741211,"totals_1926050119260531.tif"
150.8929227,-33.8210665,38.5,"totals_1926060119260630.tif"
150.8929227,-33.8210665,37.7999992370605,"totals_1926070119260731.tif"
150.8929227,-33.8210665,26.2000007629395,"totals_1926080119260831.tif"
150.8929227,-33.8210665,46,"totals_1926090119260930.tif"
150.8929227,-33.8210665,6.90000009536743,"totals_1926100119261031.tif"
150.8929227,-33.8210665,3.90000009536743,"totals_1926110119261130.tif"
150.8929227,-33.8210665,149.800003051758,"totals_1926120119261231.tif"
150.8929227,-33.8210665,103.400001525879,"totals_1927010119270131.tif"
150.8929227,-33.8210665,7.40000009536743,"totals_1927020119270228.tif"
150.8929227,-33.8210665,54.5999984741211,"totals_1927030119270331.tif"
150.8929227,-33.8210665,340.399993896484,"totals_1927040119270430.tif"
150.8929227,-33.8210665,16.5,"totals_1927050119270531.tif"
150.8929227,-33.8210665,19.7999992370605,"totals_1927060119270630.tif"
150.8929227,-33.8210665,0.699999988079071,"totals_1927070119270731.tif"
150.8929227,-33.8210665,1.20000004768372,"totals_1927080119270831.tif"
150.8929227,-33.8210665,16.6000003814697,"totals_1927090119270930.tif"
150.8929227,-33.8210665,56.4000015258789,"totals_1927100119271031.tif"
150.8929227,-33.8210665,140.699996948242,"totals_1927110119271130.tif"
150.8929227,-33.8210665,62.2999992370605,"totals_1927120119271231.tif"
150.8929227,-33.8210665,60.2999992370605,"totals_1928010119280131.tif"
150.8929227,-33.8210665,184.600006103516,"totals_1928020119280229.tif"
150.8929227,-33.8210665,96.1999969482422,"totals_1928030119280331.tif"
150.8929227,-33.8210665,59.0999984741211,"totals_1928040119280430.tif"
150.8929227,-33.8210665,16,"totals_1928050119280531.tif"
150.8929227,-33.8210665,127.099998474121,"totals_1928060119280630.tif"
150.8929227,-33.8210665,76.1999969482422,"totals_1928070119280731.tif"
150.8929227,-33.8210665,12.5,"totals_1928080119280831.tif"
150.8929227,-33.8210665,4.30000019073486,"totals_1928090119280930.tif"
150.8929227,-33.8210665,40.2999992370605,"totals_1928100119281031.tif"
150.8929227,-33.8210665,5.90000009536743,"totals_1928110119281130.tif"
150.8929227,-33.8210665,24.2000007629395,"totals_1928120119281231.tif"
150.8929227,-33.8210665,3.90000009536743,"totals_1929010119290131.tif"
150.8929227,-33.8210665,270.200012207031,"totals_1929020119290228.tif"
150.8929227,-33.8210665,67.6999969482422,"totals_1929030119290331.tif"
150.8929227,-33.8210665,79.6999969482422,"totals_1929040119290430.tif"
150.8929227,-33.8210665,70,"totals_1929050119290531.tif"
150.8929227,-33.8210665,43.5,"totals_1929060119290630.tif"
150.8929227,-33.8210665,41.2999992370605,"totals_1929070119290731.tif"
150.8929227,-33.8210665,65.8000030517578,"totals_1929080119290831.tif"
150.8929227,-33.8210665,80.3000030517578,"totals_1929090119290930.tif"
150.8929227,-33.8210665,193.300003051758,"totals_1929100119291031.tif"
150.8929227,-33.8210665,76.3000030517578,"totals_1929110119291130.tif"
150.8929227,-33.8210665,40.9000015258789,"totals_1929120119291231.tif"
150.8929227,-33.8210665,89.3000030517578,"totals_1930010119300131.tif"
150.8929227,-33.8210665,17.8999996185303,"totals_1930020119300228.tif"
150.8929227,-33.8210665,87.1999969482422,"totals_1930030119300331.tif"
150.8929227,-33.8210665,51.5999984741211,"totals_1930040119300430.tif"
150.8929227,-33.8210665,55.7000007629395,"totals_1930050119300531.tif"
150.8929227,-33.8210665,146.399993896484,"totals_1930060119300630.tif"
150.8929227,-33.8210665,46.2000007629395,"totals_1930070119300731.tif"
150.8929227,-33.8210665,19.1000003814697,"totals_1930080119300831.tif"
150.8929227,-33.8210665,2.09999990463257,"totals_1930090119300930.tif"
150.8929227,-33.8210665,48.9000015258789,"totals_1930100119301031.tif"
150.8929227,-33.8210665,32.2000007629395,"totals_1930110119301130.tif"
150.8929227,-33.8210665,111.599998474121,"totals_1930120119301231.tif"
150.8929227,-33.8210665,36,"totals_1931010119310131.tif"
150.8929227,-33.8210665,54.2999992370605,"totals_1931020119310228.tif"
150.8929227,-33.8210665,146,"totals_1931030119310331.tif"
150.8929227,-33.8210665,211,"totals_1931040119310430.tif"
150.8929227,-33.8210665,71.6999969482422,"totals_1931050119310531.tif"
150.8929227,-33.8210665,12.6999998092651,"totals_1931060119310630.tif"
150.8929227,-33.8210665,160.199996948242,"totals_1931070119310731.tif"
150.8929227,-33.8210665,7.5,"totals_1931080119310831.tif"
150.8929227,-33.8210665,83.5,"totals_1931090119310930.tif"
150.8929227,-33.8210665,19.6000003814697,"totals_1931100119311031.tif"
150.8929227,-33.8210665,120.300003051758,"totals_1931110119311130.tif"
150.8929227,-33.8210665,128.399993896484,"totals_1931120119311231.tif"
150.8929227,-33.8210665,28.2000007629395,"totals_1932010119320131.tif"
150.8929227,-33.8210665,100.5,"totals_1932020119320229.tif"
150.8929227,-33.8210665,93.8000030517578,"totals_1932030119320331.tif"
150.8929227,-33.8210665,61,"totals_1932040119320430.tif"
150.8929227,-33.8210665,16,"totals_1932050119320531.tif"
150.8929227,-33.8210665,13.1999998092651,"totals_1932060119320630.tif"
150.8929227,-33.8210665,35,"totals_1932070119320731.tif"
150.8929227,-33.8210665,74.0999984741211,"totals_1932080119320831.tif"
150.8929227,-33.8210665,146.100006103516,"totals_1932090119320930.tif"
150.8929227,-33.8210665,20.1000003814697,"totals_1932100119321031.tif"
150.8929227,-33.8210665,73,"totals_1932110119321130.tif"
150.8929227,-33.8210665,75.4000015258789,"totals_1932120119321231.tif"
150.8929227,-33.8210665,170.699996948242,"totals_1933010119330131.tif"
150.8929227,-33.8210665,5.19999980926514,"totals_1933020119330228.tif"
150.8929227,-33.8210665,67.6999969482422,"totals_1933030119330331.tif"
150.8929227,-33.8210665,194.100006103516,"totals_1933040119330430.tif"
150.8929227,-33.8210665,71.0999984741211,"totals_1933050119330531.tif"
150.8929227,-33.8210665,33,"totals_1933060119330630.tif"
150.8929227,-33.8210665,73.4000015258789,"totals_1933070119330731.tif"
150.8929227,-33.8210665,1.20000004768372,"totals_1933080119330831.tif"
150.8929227,-33.8210665,86.6999969482422,"totals_1933090119330930.tif"
150.8929227,-33.8210665,73,"totals_1933100119331031.tif"
150.8929227,-33.8210665,90.0999984741211,"totals_1933110119331130.tif"
150.8929227,-33.8210665,86.5,"totals_1933120119331231.tif"
150.8929227,-33.8210665,65,"totals_1934010119340131.tif"
150.8929227,-33.8210665,200.199996948242,"totals_1934020119340228.tif"
150.8929227,-33.8210665,26.8999996185303,"totals_1934030119340331.tif"
150.8929227,-33.8210665,111.599998474121,"totals_1934040119340430.tif"
150.8929227,-33.8210665,59,"totals_1934050119340531.tif"
150.8929227,-33.8210665,65.5,"totals_1934060119340630.tif"
150.8929227,-33.8210665,166.5,"totals_1934070119340731.tif"
150.8929227,-33.8210665,82.4000015258789,"totals_1934080119340831.tif"
150.8929227,-33.8210665,132.199996948242,"totals_1934090119340930.tif"
150.8929227,-33.8210665,48.9000015258789,"totals_1934100119341031.tif"
150.8929227,-33.8210665,99.3000030517578,"totals_1934110119341130.tif"
150.8929227,-33.8210665,59.5,"totals_1934120119341231.tif"
150.8929227,-33.8210665,62.7000007629395,"totals_1935010119350131.tif"
150.8929227,-33.8210665,154.100006103516,"totals_1935020119350228.tif"
150.8929227,-33.8210665,46.5,"totals_1935030119350331.tif"
150.8929227,-33.8210665,32.7999992370605,"totals_1935040119350430.tif"
150.8929227,-33.8210665,11.6000003814697,"totals_1935050119350531.tif"
150.8929227,-33.8210665,10.5,"totals_1935060119350630.tif"
150.8929227,-33.8210665,32.9000015258789,"totals_1935070119350731.tif"
150.8929227,-33.8210665,5,"totals_1935080119350831.tif"
150.8929227,-33.8210665,50.2999992370605,"totals_1935090119350930.tif"
150.8929227,-33.8210665,94.3000030517578,"totals_1935100119351031.tif"
150.8929227,-33.8210665,47.2999992370605,"totals_1935110119351130.tif"
150.8929227,-33.8210665,135.800003051758,"totals_1935120119351231.tif"
150.8929227,-33.8210665,98.6999969482422,"totals_1936010119360131.tif"
150.8929227,-33.8210665,131.699996948242,"totals_1936020119360229.tif"
150.8929227,-33.8210665,114.199996948242,"totals_1936030119360331.tif"
150.8929227,-33.8210665,45,"totals_1936040119360430.tif"
150.8929227,-33.8210665,25.8999996185303,"totals_1936050119360531.tif"
150.8929227,-33.8210665,55,"totals_1936060119360630.tif"
150.8929227,-33.8210665,16.7999992370605,"totals_1936070119360731.tif"
150.8929227,-33.8210665,17.8999996185303,"totals_1936080119360831.tif"
150.8929227,-33.8210665,13.3999996185303,"totals_1936090119360930.tif"
150.8929227,-33.8210665,12.1000003814697,"totals_1936100119361031.tif"
150.8929227,-33.8210665,26.2999992370605,"totals_1936110119361130.tif"
150.8929227,-33.8210665,136.800003051758,"totals_1936120119361231.tif"
150.8929227,-33.8210665,62.7000007629395,"totals_1937010119370131.tif"
150.8929227,-33.8210665,34.2000007629395,"totals_1937020119370228.tif"
150.8929227,-33.8210665,131.300003051758,"totals_1937030119370331.tif"
150.8929227,-33.8210665,36.5999984741211,"totals_1937040119370430.tif"
150.8929227,-33.8210665,13.1999998092651,"totals_1937050119370531.tif"
150.8929227,-33.8210665,211.300003051758,"totals_1937060119370630.tif"
150.8929227,-33.8210665,28,"totals_1937070119370731.tif"
150.8929227,-33.8210665,62.4000015258789,"totals_1937080119370831.tif"
150.8929227,-33.8210665,11.1999998092651,"totals_1937090119370930.tif"
150.8929227,-33.8210665,58.0999984741211,"totals_1937100119371031.tif"
150.8929227,-33.8210665,106.5,"totals_1937110119371130.tif"
150.8929227,-33.8210665,86.5,"totals_1937120119371231.tif"
150.8929227,-33.8210665,152.699996948242,"totals_1938010119380131.tif"
150.8929227,-33.8210665,55.7999992370605,"totals_1938020119380228.tif"
150.8929227,-33.8210665,31,"totals_1938030119380331.tif"
150.8929227,-33.8210665,42.2000007629395,"totals_1938040119380430.tif"
150.8929227,-33.8210665,65.5999984741211,"totals_1938050119380531.tif"
150.8929227,-33.8210665,8.80000019073486,"totals_1938060119380630.tif"
150.8929227,-33.8210665,52.5,"totals_1938070119380731.tif"
150.8929227,-33.8210665,157.300003051758,"totals_1938080119380831.tif"
150.8929227,-33.8210665,32.0999984741211,"totals_1938090119380930.tif"
150.8929227,-33.8210665,127.099998474121,"totals_1938100119381031.tif"
150.8929227,-33.8210665,34.7999992370605,"totals_1938110119381130.tif"
150.8929227,-33.8210665,8.39999961853027,"totals_1938120119381231.tif"
150.8929227,-33.8210665,65.8000030517578,"totals_1939010119390131.tif"
150.8929227,-33.8210665,2.20000004768372,"totals_1939020119390228.tif"
150.8929227,-33.8210665,142.699996948242,"totals_1939030119390331.tif"
150.8929227,-33.8210665,85.3000030517578,"totals_1939040119390430.tif"
150.8929227,-33.8210665,29.7999992370605,"totals_1939050119390531.tif"
150.8929227,-33.8210665,11.6000003814697,"totals_1939060119390630.tif"
150.8929227,-33.8210665,12.6000003814697,"totals_1939070119390731.tif"
150.8929227,-33.8210665,52.4000015258789,"totals_1939080119390831.tif"
150.8929227,-33.8210665,34.2999992370605,"totals_1939090119390930.tif"
150.8929227,-33.8210665,58.0999984741211,"totals_1939100119391031.tif"
150.8929227,-33.8210665,65.0999984741211,"totals_1939110119391130.tif"
150.8929227,-33.8210665,14,"totals_1939120119391231.tif"
150.8929227,-33.8210665,18.7999992370605,"totals_1940010119400131.tif"
150.8929227,-33.8210665,8.89999961853027,"totals_1940020119400229.tif"
150.8929227,-33.8210665,4.09999990463257,"totals_1940030119400331.tif"
150.8929227,-33.8210665,116.300003051758,"totals_1940040119400430.tif"
150.8929227,-33.8210665,12.6999998092651,"totals_1940050119400531.tif"
150.8929227,-33.8210665,9.89999961853027,"totals_1940060119400630.tif"
150.8929227,-33.8210665,21.7000007629395,"totals_1940070119400731.tif"
150.8929227,-33.8210665,12.5,"totals_1940080119400831.tif"
150.8929227,-33.8210665,76,"totals_1940090119400930.tif"
150.8929227,-33.8210665,18.3999996185303,"totals_1940100119401031.tif"
150.8929227,-33.8210665,69,"totals_1940110119401130.tif"
150.8929227,-33.8210665,239.100006103516,"totals_1940120119401231.tif"
150.8929227,-33.8210665,97.3000030517578,"totals_1941010119410131.tif"
150.8929227,-33.8210665,51.7999992370605,"totals_1941020119410228.tif"
150.8929227,-33.8210665,19.8999996185303,"totals_1941030119410331.tif"
150.8929227,-33.8210665,64.5999984741211,"totals_1941040119410430.tif"
150.8929227,-33.8210665,19.2000007629395,"totals_1941050119410531.tif"
150.8929227,-33.8210665,22.8999996185303,"totals_1941060119410630.tif"
150.8929227,-33.8210665,19.5,"totals_1941070119410731.tif"
150.8929227,-33.8210665,34.7999992370605,"totals_1941080119410831.tif"
150.8929227,-33.8210665,45.5999984741211,"totals_1941090119410930.tif"
150.8929227,-33.8210665,45.5,"totals_1941100119411031.tif"
150.8929227,-33.8210665,25.1000003814697,"totals_1941110119411130.tif"
150.8929227,-33.8210665,29.3999996185303,"totals_1941120119411231.tif"
150.8929227,-33.8210665,11.8000001907349,"totals_1942010119420131.tif"
150.8929227,-33.8210665,41,"totals_1942020119420228.tif"
150.8929227,-33.8210665,304.100006103516,"totals_1942030119420331.tif"
150.8929227,-33.8210665,21.2999992370605,"totals_1942040119420430.tif"
150.8929227,-33.8210665,25.7999992370605,"totals_1942050119420531.tif"
150.8929227,-33.8210665,47.7999992370605,"totals_1942060119420630.tif"
150.8929227,-33.8210665,37.5,"totals_1942070119420731.tif"
150.8929227,-33.8210665,14.5,"totals_1942080119420831.tif"
150.8929227,-33.8210665,19.8999996185303,"totals_1942090119420930.tif"
150.8929227,-33.8210665,176.699996948242,"totals_1942100119421031.tif"
150.8929227,-33.8210665,138.300003051758,"totals_1942110119421130.tif"
150.8929227,-33.8210665,84.9000015258789,"totals_1942120119421231.tif"
150.8929227,-33.8210665,61,"totals_1943010119430131.tif"
150.8929227,-33.8210665,30.1000003814697,"totals_1943020119430228.tif"
150.8929227,-33.8210665,25.7999992370605,"totals_1943030119430331.tif"
150.8929227,-33.8210665,45.5999984741211,"totals_1943040119430430.tif"
150.8929227,-33.8210665,328.399993896484,"totals_1943050119430531.tif"
150.8929227,-33.8210665,12.8999996185303,"totals_1943060119430630.tif"
150.8929227,-33.8210665,7.59999990463257,"totals_1943070119430731.tif"
150.8929227,-33.8210665,141.300003051758,"totals_1943080119430831.tif"
150.8929227,-33.8210665,126.300003051758,"totals_1943090119430930.tif"
150.8929227,-33.8210665,42.2000007629395,"totals_1943100119431031.tif"
150.8929227,-33.8210665,151.199996948242,"totals_1943110119431130.tif"
150.8929227,-33.8210665,78.1999969482422,"totals_1943120119431231.tif"
150.8929227,-33.8210665,35.2999992370605,"totals_1944010119440131.tif"
150.8929227,-33.8210665,19.2999992370605,"totals_1944020119440229.tif"
150.8929227,-33.8210665,22.8999996185303,"totals_1944030119440331.tif"
150.8929227,-33.8210665,36.5,"totals_1944040119440430.tif"
150.8929227,-33.8210665,52.4000015258789,"totals_1944050119440531.tif"
150.8929227,-33.8210665,12.8999996185303,"totals_1944060119440630.tif"
150.8929227,-33.8210665,69.3000030517578,"totals_1944070119440731.tif"
150.8929227,-33.8210665,88.0999984741211,"totals_1944080119440831.tif"
150.8929227,-33.8210665,41.7999992370605,"totals_1944090119440930.tif"
150.8929227,-33.8210665,14.1000003814697,"totals_1944100119441031.tif"
150.8929227,-33.8210665,9.5,"totals_1944110119441130.tif"
150.8929227,-33.8210665,13.3999996185303,"totals_1944120119441231.tif"
150.8929227,-33.8210665,150.800003051758,"totals_1945010119450131.tif"
150.8929227,-33.8210665,62.7000007629395,"totals_1945020119450228.tif"
150.8929227,-33.8210665,26.7999992370605,"totals_1945030119450331.tif"
150.8929227,-33.8210665,135.300003051758,"totals_1945040119450430.tif"
150.8929227,-33.8210665,56.7999992370605,"totals_1945050119450531.tif"
150.8929227,-33.8210665,193,"totals_1945060119450630.tif"
150.8929227,-33.8210665,37.5,"totals_1945070119450731.tif"
150.8929227,-33.8210665,36.7999992370605,"totals_1945080119450831.tif"
150.8929227,-33.8210665,5.19999980926514,"totals_1945090119450930.tif"
150.8929227,-33.8210665,23.3999996185303,"totals_1945100119451031.tif"
150.8929227,-33.8210665,54.4000015258789,"totals_1945110119451130.tif"
150.8929227,-33.8210665,64.6999969482422,"totals_1945120119451231.tif"
150.8929227,-33.8210665,21.3999996185303,"totals_1946010119460131.tif"
150.8929227,-33.8210665,63.9000015258789,"totals_1946020119460228.tif"
150.8929227,-33.8210665,82.5,"totals_1946030119460331.tif"
150.8929227,-33.8210665,282.700012207031,"totals_1946040119460430.tif"
150.8929227,-33.8210665,34,"totals_1946050119460531.tif"
150.8929227,-33.8210665,90.5,"totals_1946060119460630.tif"
150.8929227,-33.8210665,0.899999976158142,"totals_1946070119460731.tif"
150.8929227,-33.8210665,0,"totals_1946080119460831.tif"
150.8929227,-33.8210665,23.2999992370605,"totals_1946090119460930.tif"
150.8929227,-33.8210665,43.5,"totals_1946100119461031.tif"
150.8929227,-33.8210665,89.9000015258789,"totals_1946110119461130.tif"
150.8929227,-33.8210665,33.5999984741211,"totals_1946120119461231.tif"
150.8929227,-33.8210665,38.5,"totals_1947010119470131.tif"
150.8929227,-33.8210665,172.300003051758,"totals_1947020119470228.tif"
150.8929227,-33.8210665,57.5999984741211,"totals_1947030119470331.tif"
150.8929227,-33.8210665,121.599998474121,"totals_1947040119470430.tif"
150.8929227,-33.8210665,31.7000007629395,"totals_1947050119470531.tif"
150.8929227,-33.8210665,17.8999996185303,"totals_1947060119470630.tif"
150.8929227,-33.8210665,13.8000001907349,"totals_1947070119470731.tif"
150.8929227,-33.8210665,25,"totals_1947080119470831.tif"
150.8929227,-33.8210665,19.5,"totals_1947090119470930.tif"
150.8929227,-33.8210665,36.7999992370605,"totals_1947100119471031.tif"
150.8929227,-33.8210665,96.8000030517578,"totals_1947110119471130.tif"
150.8929227,-33.8210665,282.399993896484,"totals_1947120119471231.tif"
150.8929227,-33.8210665,138,"totals_1948010119480131.tif"
150.8929227,-33.8210665,59,"totals_1948020119480229.tif"
150.8929227,-33.8210665,49.7000007629395,"totals_1948030119480331.tif"
150.8929227,-33.8210665,21.2999992370605,"totals_1948040119480430.tif"
150.8929227,-33.8210665,109.199996948242,"totals_1948050119480531.tif"
150.8929227,-33.8210665,81.5999984741211,"totals_1948060119480630.tif"
150.8929227,-33.8210665,5.69999980926514,"totals_1948070119480731.tif"
150.8929227,-33.8210665,11.8000001907349,"totals_1948080119480831.tif"
150.8929227,-33.8210665,51.2999992370605,"totals_1948090119480930.tif"
150.8929227,-33.8210665,13.3999996185303,"totals_1948100119481031.tif"
150.8929227,-33.8210665,23.2999992370605,"totals_1948110119481130.tif"
150.8929227,-33.8210665,74.8000030517578,"totals_1948120119481231.tif"
150.8929227,-33.8210665,207.5,"totals_1949010119490131.tif"
150.8929227,-33.8210665,131.399993896484,"totals_1949020119490228.tif"
150.8929227,-33.8210665,100.400001525879,"totals_1949030119490331.tif"
150.8929227,-33.8210665,22,"totals_1949040119490430.tif"
150.8929227,-33.8210665,79.6999969482422,"totals_1949050119490531.tif"
150.8929227,-33.8210665,254.699996948242,"totals_1949060119490630.tif"
150.8929227,-33.8210665,28,"totals_1949070119490731.tif"
150.8929227,-33.8210665,63.0999984741211,"totals_1949080119490831.tif"
150.8929227,-33.8210665,114,"totals_1949090119490930.tif"
150.8929227,-33.8210665,40.7999992370605,"totals_1949100119491031.tif"
150.8929227,-33.8210665,105.400001525879,"totals_1949110119491130.tif"
150.8929227,-33.8210665,47.0999984741211,"totals_1949120119491231.tif"
150.8929227,-33.8210665,129.399993896484,"totals_1950010119500131.tif"
150.8929227,-33.8210665,201.199996948242,"totals_1950020119500228.tif"
150.8929227,-33.8210665,173.899993896484,"totals_1950030119500331.tif"
150.8929227,-33.8210665,144.399993896484,"totals_1950040119500430.tif"
150.8929227,-33.8210665,107,"totals_1950050119500531.tif"
150.8929227,-33.8210665,457.700012207031,"totals_1950060119500630.tif"
150.8929227,-33.8210665,188.600006103516,"totals_1950070119500731.tif"
150.8929227,-33.8210665,46,"totals_1950080119500831.tif"
150.8929227,-33.8210665,80.6999969482422,"totals_1950090119500930.tif"
150.8929227,-33.8210665,115.800003051758,"totals_1950100119501031.tif"
150.8929227,-33.8210665,156.399993896484,"totals_1950110119501130.tif"
150.8929227,-33.8210665,18.5,"totals_1950120119501231.tif"
150.8929227,-33.8210665,388.299987792969,"totals_1951010119510131.tif"
150.8929227,-33.8210665,54.2000007629395,"totals_1951020119510228.tif"
150.8929227,-33.8210665,93.4000015258789,"totals_1951030119510331.tif"
150.8929227,-33.8210665,4.59999990463257,"totals_1951040119510430.tif"
150.8929227,-33.8210665,56.7999992370605,"totals_1951050119510531.tif"
150.8929227,-33.8210665,224.899993896484,"totals_1951060119510630.tif"
150.8929227,-33.8210665,13.3000001907349,"totals_1951070119510731.tif"
150.8929227,-33.8210665,63.0999984741211,"totals_1951080119510831.tif"
150.8929227,-33.8210665,84,"totals_1951090119510930.tif"
150.8929227,-33.8210665,34.0999984741211,"totals_1951100119511031.tif"
150.8929227,-33.8210665,7.80000019073486,"totals_1951110119511130.tif"
150.8929227,-33.8210665,18.5,"totals_1951120119511231.tif"
150.8929227,-33.8210665,47.0999984741211,"totals_1952010119520131.tif"
150.8929227,-33.8210665,37.4000015258789,"totals_1952020119520229.tif"
150.8929227,-33.8210665,98.4000015258789,"totals_1952030119520331.tif"
150.8929227,-33.8210665,190,"totals_1952040119520430.tif"
150.8929227,-33.8210665,22.1000003814697,"totals_1952050119520531.tif"
150.8929227,-33.8210665,128.399993896484,"totals_1952060119520630.tif"
150.8929227,-33.8210665,216.100006103516,"totals_1952070119520731.tif"
150.8929227,-33.8210665,262.299987792969,"totals_1952080119520831.tif"
150.8929227,-33.8210665,9.5,"totals_1952090119520930.tif"
150.8929227,-33.8210665,93.6999969482422,"totals_1952100119521031.tif"
150.8929227,-33.8210665,52.7000007629395,"totals_1952110119521130.tif"
150.8929227,-33.8210665,55.5,"totals_1952120119521231.tif"
150.8929227,-33.8210665,53.5,"totals_1953010119530131.tif"
150.8929227,-33.8210665,119.300003051758,"totals_1953020119530228.tif"
150.8929227,-33.8210665,63.5999984741211,"totals_1953030119530331.tif"
150.8929227,-33.8210665,19,"totals_1953040119530430.tif"
150.8929227,-33.8210665,323.299987792969,"totals_1953050119530531.tif"
150.8929227,-33.8210665,1,"totals_1953060119530630.tif"
150.8929227,-33.8210665,9,"totals_1953070119530731.tif"
150.8929227,-33.8210665,35.5,"totals_1953080119530831.tif"
150.8929227,-33.8210665,50.2999992370605,"totals_1953090119530930.tif"
150.8929227,-33.8210665,46.7999992370605,"totals_1953100119531031.tif"
150.8929227,-33.8210665,38.9000015258789,"totals_1953110119531130.tif"
150.8929227,-33.8210665,9.19999980926514,"totals_1953120119531231.tif"
150.8929227,-33.8210665,128.399993896484,"totals_1954010119540131.tif"
150.8929227,-33.8210665,272.299987792969,"totals_1954020119540228.tif"
150.8929227,-33.8210665,20.8999996185303,"totals_1954030119540331.tif"
150.8929227,-33.8210665,28.8999996185303,"totals_1954040119540430.tif"
150.8929227,-33.8210665,15.5,"totals_1954050119540531.tif"
150.8929227,-33.8210665,6,"totals_1954060119540630.tif"
150.8929227,-33.8210665,61.7000007629395,"totals_1954070119540731.tif"
150.8929227,-33.8210665,28.2999992370605,"totals_1954080119540831.tif"
150.8929227,-33.8210665,38,"totals_1954090119540930.tif"
150.8929227,-33.8210665,173.300003051758,"totals_1954100119541031.tif"
150.8929227,-33.8210665,115.800003051758,"totals_1954110119541130.tif"
150.8929227,-33.8210665,52.9000015258789,"totals_1954120119541231.tif"
150.8929227,-33.8210665,93.0999984741211,"totals_1955010119550131.tif"
150.8929227,-33.8210665,279.600006103516,"totals_1955020119550228.tif"
150.8929227,-33.8210665,106.300003051758,"totals_1955030119550331.tif"
150.8929227,-33.8210665,70.6999969482422,"totals_1955040119550430.tif"
150.8929227,-33.8210665,168.300003051758,"totals_1955050119550531.tif"
150.8929227,-33.8210665,16.8999996185303,"totals_1955060119550630.tif"
150.8929227,-33.8210665,4.30000019073486,"totals_1955070119550731.tif"
150.8929227,-33.8210665,10.5,"totals_1955080119550831.tif"
150.8929227,-33.8210665,28,"totals_1955090119550930.tif"
150.8929227,-33.8210665,58.9000015258789,"totals_1955100119551031.tif"
150.8929227,-33.8210665,204,"totals_1955110119551130.tif"
150.8929227,-33.8210665,148.699996948242,"totals_1955120119551231.tif"
150.8929227,-33.8210665,139.100006103516,"totals_1956010119560131.tif"
150.8929227,-33.8210665,476,"totals_1956020119560229.tif"
150.8929227,-33.8210665,295.200012207031,"totals_1956030119560331.tif"
150.8929227,-33.8210665,30.3999996185303,"totals_1956040119560430.tif"
150.8929227,-33.8210665,87.8000030517578,"totals_1956050119560531.tif"
150.8929227,-33.8210665,121.400001525879,"totals_1956060119560630.tif"
150.8929227,-33.8210665,39.4000015258789,"totals_1956070119560731.tif"
150.8929227,-33.8210665,56.5,"totals_1956080119560831.tif"
150.8929227,-33.8210665,29.3999996185303,"totals_1956090119560930.tif"
150.8929227,-33.8210665,65.5999984741211,"totals_1956100119561031.tif"
150.8929227,-33.8210665,4.30000019073486,"totals_1956110119561130.tif"
150.8929227,-33.8210665,58,"totals_1956120119561231.tif"
150.8929227,-33.8210665,55.5999984741211,"totals_1957010119570131.tif"
150.8929227,-33.8210665,116.900001525879,"totals_1957020119570228.tif"
150.8929227,-33.8210665,19.8999996185303,"totals_1957030119570331.tif"
150.8929227,-33.8210665,22.7999992370605,"totals_1957040119570430.tif"
150.8929227,-33.8210665,1.5,"totals_1957050119570531.tif"
150.8929227,-33.8210665,21.8999996185303,"totals_1957060119570630.tif"
150.8929227,-33.8210665,95.9000015258789,"totals_1957070119570731.tif"
150.8929227,-33.8210665,95.3000030517578,"totals_1957080119570831.tif"
150.8929227,-33.8210665,0,"totals_1957090119570930.tif"
150.8929227,-33.8210665,5.40000009536743,"totals_1957100119571031.tif"
150.8929227,-33.8210665,20.7000007629395,"totals_1957110119571130.tif"
150.8929227,-33.8210665,48.7000007629395,"totals_1957120119571231.tif"
150.8929227,-33.8210665,128.399993896484,"totals_1958010119580131.tif"
150.8929227,-33.8210665,143.399993896484,"totals_1958020119580228.tif"
150.8929227,-33.8210665,243.5,"totals_1958030119580331.tif"
150.8929227,-33.8210665,56.2000007629395,"totals_1958040119580430.tif"
150.8929227,-33.8210665,7.40000009536743,"totals_1958050119580531.tif"
150.8929227,-33.8210665,125.400001525879,"totals_1958060119580630.tif"
150.8929227,-33.8210665,14.1999998092651,"totals_1958070119580731.tif"
150.8929227,-33.8210665,44.7000007629395,"totals_1958080119580831.tif"
150.8929227,-33.8210665,31.7999992370605,"totals_1958090119580930.tif"
150.8929227,-33.8210665,39.5,"totals_1958100119581031.tif"
150.8929227,-33.8210665,7.80000019073486,"totals_1958110119581130.tif"
150.8929227,-33.8210665,70.5999984741211,"totals_1958120119581231.tif"
150.8929227,-33.8210665,102.699996948242,"totals_1959010119590131.tif"
150.8929227,-33.8210665,155.5,"totals_1959020119590228.tif"
150.8929227,-33.8210665,118.300003051758,"totals_1959030119590331.tif"
150.8929227,-33.8210665,48.5999984741211,"totals_1959040119590430.tif"
150.8929227,-33.8210665,17,"totals_1959050119590531.tif"
150.8929227,-33.8210665,75.5999984741211,"totals_1959060119590630.tif"
150.8929227,-33.8210665,76.9000015258789,"totals_1959070119590731.tif"
150.8929227,-33.8210665,21.7000007629395,"totals_1959080119590831.tif"
150.8929227,-33.8210665,41.2999992370605,"totals_1959090119590930.tif"
150.8929227,-33.8210665,156.600006103516,"totals_1959100119591031.tif"
150.8929227,-33.8210665,107.199996948242,"totals_1959110119591130.tif"
150.8929227,-33.8210665,60.5,"totals_1959120119591231.tif"
150.8929227,-33.8210665,81.3000030517578,"totals_1960010119600131.tif"
150.8929227,-33.8210665,95.1999969482422,"totals_1960020119600229.tif"
150.8929227,-33.8210665,51.7000007629395,"totals_1960030119600331.tif"
150.8929227,-33.8210665,34.2000007629395,"totals_1960040119600430.tif"
150.8929227,-33.8210665,90.8000030517578,"totals_1960050119600531.tif"
150.8929227,-33.8210665,27.8999996185303,"totals_1960060119600630.tif"
150.8929227,-33.8210665,66.5,"totals_1960070119600731.tif"
150.8929227,-33.8210665,35.5,"totals_1960080119600831.tif"
150.8929227,-33.8210665,39.9000015258789,"totals_1960090119600930.tif"
150.8929227,-33.8210665,132.5,"totals_1960100119601031.tif"
150.8929227,-33.8210665,45.7999992370605,"totals_1960110119601130.tif"
150.8929227,-33.8210665,163.899993896484,"totals_1960120119601231.tif"
150.8929227,-33.8210665,69.5,"totals_1961010119610131.tif"
150.8929227,-33.8210665,67.5,"totals_1961020119610228.tif"
150.8929227,-33.8210665,89.5,"totals_1961030119610331.tif"
150.8929227,-33.8210665,82.0999984741211,"totals_1961040119610430.tif"
150.8929227,-33.8210665,8.89999961853027,"totals_1961050119610531.tif"
150.8929227,-33.8210665,32.7999992370605,"totals_1961060119610630.tif"
150.8929227,-33.8210665,39.4000015258789,"totals_1961070119610731.tif"
150.8929227,-33.8210665,149.899993896484,"totals_1961080119610831.tif"
150.8929227,-33.8210665,19,"totals_1961090119610930.tif"
150.8929227,-33.8210665,64.9000015258789,"totals_1961100119611031.tif"
150.8929227,-33.8210665,421.700012207031,"totals_1961110119611130.tif"
150.8929227,-33.8210665,135.300003051758,"totals_1961120119611231.tif"
150.8929227,-33.8210665,204.300003051758,"totals_1962010119620131.tif"
150.8929227,-33.8210665,137.399993896484,"totals_1962020119620228.tif"
150.8929227,-33.8210665,43.7000007629395,"totals_1962030119620331.tif"
150.8929227,-33.8210665,31.8999996185303,"totals_1962040119620430.tif"
150.8929227,-33.8210665,224.399993896484,"totals_1962050119620531.tif"
150.8929227,-33.8210665,1,"totals_1962060119620630.tif"
150.8929227,-33.8210665,55.5999984741211,"totals_1962070119620731.tif"
150.8929227,-33.8210665,77.5999984741211,"totals_1962080119620831.tif"
150.8929227,-33.8210665,75,"totals_1962090119620930.tif"
150.8929227,-33.8210665,27.3999996185303,"totals_1962100119621031.tif"
150.8929227,-33.8210665,13,"totals_1962110119621130.tif"
150.8929227,-33.8210665,195.800003051758,"totals_1962120119621231.tif"
150.8929227,-33.8210665,173.300003051758,"totals_1963010119630131.tif"
150.8929227,-33.8210665,86.8000030517578,"totals_1963020119630228.tif"
150.8929227,-33.8210665,214.699996948242,"totals_1963030119630331.tif"
150.8929227,-33.8210665,218.100006103516,"totals_1963040119630430.tif"
150.8929227,-33.8210665,159.399993896484,"totals_1963050119630531.tif"
150.8929227,-33.8210665,133.300003051758,"totals_1963060119630630.tif"
150.8929227,-33.8210665,25.6000003814697,"totals_1963070119630731.tif"
150.8929227,-33.8210665,160.399993896484,"totals_1963080119630831.tif"
150.8929227,-33.8210665,48.9000015258789,"totals_1963090119630930.tif"
150.8929227,-33.8210665,42.7999992370605,"totals_1963100119631031.tif"
150.8929227,-33.8210665,47.5,"totals_1963110119631130.tif"
150.8929227,-33.8210665,197.5,"totals_1963120119631231.tif"
150.8929227,-33.8210665,17.1000003814697,"totals_1964010119640131.tif"
150.8929227,-33.8210665,32.5,"totals_1964020119640229.tif"
150.8929227,-33.8210665,102.400001525879,"totals_1964030119640331.tif"
150.8929227,-33.8210665,131.5,"totals_1964040119640430.tif"
150.8929227,-33.8210665,11.1000003814697,"totals_1964050119640531.tif"
150.8929227,-33.8210665,317.399993896484,"totals_1964060119640630.tif"
150.8929227,-33.8210665,8.10000038146973,"totals_1964070119640731.tif"
150.8929227,-33.8210665,34.2000007629395,"totals_1964080119640831.tif"
150.8929227,-33.8210665,13.3000001907349,"totals_1964090119640930.tif"
150.8929227,-33.8210665,82.3000030517578,"totals_1964100119641031.tif"
150.8929227,-33.8210665,69.0999984741211,"totals_1964110119641130.tif"
150.8929227,-33.8210665,37,"totals_1964120119641231.tif"
150.8929227,-33.8210665,24.6000003814697,"totals_1965010119650131.tif"
150.8929227,-33.8210665,8.39999961853027,"totals_1965020119650228.tif"
150.8929227,-33.8210665,8.89999961853027,"totals_1965030119650331.tif"
150.8929227,-33.8210665,62.2999992370605,"totals_1965040119650430.tif"
150.8929227,-33.8210665,17.7000007629395,"totals_1965050119650531.tif"
150.8929227,-33.8210665,72.5999984741211,"totals_1965060119650630.tif"
150.8929227,-33.8210665,137.699996948242,"totals_1965070119650731.tif"
150.8929227,-33.8210665,11.1999998092651,"totals_1965080119650831.tif"
150.8929227,-33.8210665,60.2999992370605,"totals_1965090119650930.tif"
150.8929227,-33.8210665,163.899993896484,"totals_1965100119651031.tif"
150.8929227,-33.8210665,13,"totals_1965110119651130.tif"
150.8929227,-33.8210665,38.7000007629395,"totals_1965120119651231.tif"
150.8929227,-33.8210665,23.5,"totals_1966010119660131.tif"
150.8929227,-33.8210665,100,"totals_1966020119660228.tif"
150.8929227,-33.8210665,69.5999984741211,"totals_1966030119660331.tif"
150.8929227,-33.8210665,82.8000030517578,"totals_1966040119660430.tif"
150.8929227,-33.8210665,22.8999996185303,"totals_1966050119660531.tif"
150.8929227,-33.8210665,63.7000007629395,"totals_1966060119660630.tif"
150.8929227,-33.8210665,9.5,"totals_1966070119660731.tif"
150.8929227,-33.8210665,40.0999984741211,"totals_1966080119660831.tif"
150.8929227,-33.8210665,43.7000007629395,"totals_1966090119660930.tif"
150.8929227,-33.8210665,56.2000007629395,"totals_1966100119661031.tif"
150.8929227,-33.8210665,161.600006103516,"totals_1966110119661130.tif"
150.8929227,-33.8210665,86.5999984741211,"totals_1966120119661231.tif"
150.8929227,-33.8210665,165.800003051758,"totals_1967010119670131.tif"
150.8929227,-33.8210665,139.800003051758,"totals_1967020119670228.tif"
150.8929227,-33.8210665,160,"totals_1967030119670331.tif"
150.8929227,-33.8210665,20.5,"totals_1967040119670430.tif"
150.8929227,-33.8210665,19.8999996185303,"totals_1967050119670531.tif"
150.8929227,-33.8210665,148.300003051758,"totals_1967060119670630.tif"
150.8929227,-33.8210665,10.3999996185303,"totals_1967070119670731.tif"
150.8929227,-33.8210665,178.100006103516,"totals_1967080119670831.tif"
150.8929227,-33.8210665,55.5999984741211,"totals_1967090119670930.tif"
150.8929227,-33.8210665,63.5999984741211,"totals_1967100119671031.tif"
150.8929227,-33.8210665,40.5999984741211,"totals_1967110119671130.tif"
150.8929227,-33.8210665,10.8999996185303,"totals_1967120119671231.tif"
150.8929227,-33.8210665,174.399993896484,"totals_1968010119680131.tif"
150.8929227,-33.8210665,12.1000003814697,"totals_1968020119680229.tif"
150.8929227,-33.8210665,123.199996948242,"totals_1968030119680331.tif"
150.8929227,-33.8210665,19,"totals_1968040119680430.tif"
150.8929227,-33.8210665,105.5,"totals_1968050119680531.tif"
150.8929227,-33.8210665,6,"totals_1968060119680630.tif"
150.8929227,-33.8210665,31.7999992370605,"totals_1968070119680731.tif"
150.8929227,-33.8210665,21,"totals_1968080119680831.tif"
150.8929227,-33.8210665,2.40000009536743,"totals_1968090119680930.tif"
150.8929227,-33.8210665,2,"totals_1968100119681031.tif"
150.8929227,-33.8210665,20.7000007629395,"totals_1968110119681130.tif"
150.8929227,-33.8210665,105,"totals_1968120119681231.tif"
150.8929227,-33.8210665,40.5999984741211,"totals_1969010119690131.tif"
150.8929227,-33.8210665,230.199996948242,"totals_1969020119690228.tif"
150.8929227,-33.8210665,104.400001525879,"totals_1969030119690331.tif"
150.8929227,-33.8210665,171,"totals_1969040119690430.tif"
150.8929227,-33.8210665,28,"totals_1969050119690531.tif"
150.8929227,-33.8210665,77.5999984741211,"totals_1969060119690630.tif"
150.8929227,-33.8210665,22.2999992370605,"totals_1969070119690731.tif"
150.8929227,-33.8210665,120.900001525879,"totals_1969080119690831.tif"
150.8929227,-33.8210665,55.5999984741211,"totals_1969090119690930.tif"
150.8929227,-33.8210665,77,"totals_1969100119691031.tif"
150.8929227,-33.8210665,213.5,"totals_1969110119691130.tif"
150.8929227,-33.8210665,31.8999996185303,"totals_1969120119691231.tif"
150.8929227,-33.8210665,110.199996948242,"totals_1970010119700131.tif"
150.8929227,-33.8210665,45.7999992370605,"totals_1970020119700228.tif"
150.8929227,-33.8210665,69.5999984741211,"totals_1970030119700331.tif"
150.8929227,-33.8210665,28.1000003814697,"totals_1970040119700430.tif"
150.8929227,-33.8210665,16.2000007629395,"totals_1970050119700531.tif"
150.8929227,-33.8210665,16.8999996185303,"totals_1970060119700630.tif"
150.8929227,-33.8210665,0.5,"totals_1970070119700731.tif"
150.8929227,-33.8210665,19.1000003814697,"totals_1970080119700831.tif"
150.8929227,-33.8210665,177.600006103516,"totals_1970090119700930.tif"
150.8929227,-33.8210665,26.1000003814697,"totals_1970100119701031.tif"
150.8929227,-33.8210665,133.100006103516,"totals_1970110119701130.tif"
150.8929227,-33.8210665,237,"totals_1970120119701231.tif"
150.8929227,-33.8210665,85.4000015258789,"totals_1971010119710131.tif"
150.8929227,-33.8210665,134.800003051758,"totals_1971020119710228.tif"
150.8929227,-33.8210665,77.5999984741211,"totals_1971030119710331.tif"
150.8929227,-33.8210665,41.2999992370605,"totals_1971040119710430.tif"
150.8929227,-33.8210665,44.2999992370605,"totals_1971050119710531.tif"
150.8929227,-33.8210665,7.80000019073486,"totals_1971060119710630.tif"
150.8929227,-33.8210665,13,"totals_1971070119710731.tif"
150.8929227,-33.8210665,41,"totals_1971080119710831.tif"
150.8929227,-33.8210665,52.2000007629395,"totals_1971090119710930.tif"
150.8929227,-33.8210665,1.39999997615814,"totals_1971100119711031.tif"
150.8929227,-33.8210665,66,"totals_1971110119711130.tif"
150.8929227,-33.8210665,156.600006103516,"totals_1971120119711231.tif"
150.8929227,-33.8210665,277.799987792969,"totals_1972010119720131.tif"
150.8929227,-33.8210665,69.0999984741211,"totals_1972020119720229.tif"
150.8929227,-33.8210665,130.100006103516,"totals_1972030119720331.tif"
150.8929227,-33.8210665,75.4000015258789,"totals_1972040119720430.tif"
150.8929227,-33.8210665,30.8999996185303,"totals_1972050119720531.tif"
150.8929227,-33.8210665,44.5,"totals_1972060119720630.tif"
150.8929227,-33.8210665,1.5,"totals_1972070119720731.tif"
150.8929227,-33.8210665,39.4000015258789,"totals_1972080119720831.tif"
150.8929227,-33.8210665,18.8999996185303,"totals_1972090119720930.tif"
150.8929227,-33.8210665,167.600006103516,"totals_1972100119721031.tif"
150.8929227,-33.8210665,49.7000007629395,"totals_1972110119721130.tif"
150.8929227,-33.8210665,32.0999984741211,"totals_1972120119721231.tif"
150.8929227,-33.8210665,81.0999984741211,"totals_1973010119730131.tif"
150.8929227,-33.8210665,274,"totals_1973020119730228.tif"
150.8929227,-33.8210665,30.6000003814697,"totals_1973030119730331.tif"
150.8929227,-33.8210665,40.4000015258789,"totals_1973040119730430.tif"
150.8929227,-33.8210665,21.7999992370605,"totals_1973050119730531.tif"
150.8929227,-33.8210665,27.6000003814697,"totals_1973060119730630.tif"
150.8929227,-33.8210665,87.1999969482422,"totals_1973070119730731.tif"
150.8929227,-33.8210665,51.7000007629395,"totals_1973080119730831.tif"
150.8929227,-33.8210665,38.2999992370605,"totals_1973090119730930.tif"
150.8929227,-33.8210665,108.300003051758,"totals_1973100119731031.tif"
150.8929227,-33.8210665,123.800003051758,"totals_1973110119731130.tif"
150.8929227,-33.8210665,41.5,"totals_1973120119731231.tif"
150.8929227,-33.8210665,136.199996948242,"totals_1974010119740131.tif"
150.8929227,-33.8210665,82.1999969482422,"totals_1974020119740228.tif"
150.8929227,-33.8210665,216.5,"totals_1974030119740331.tif"
150.8929227,-33.8210665,160.600006103516,"totals_1974040119740430.tif"
150.8929227,-33.8210665,170.100006103516,"totals_1974050119740531.tif"
150.8929227,-33.8210665,127.900001525879,"totals_1974060119740630.tif"
150.8929227,-33.8210665,3.5,"totals_1974070119740731.tif"
150.8929227,-33.8210665,52.7999992370605,"totals_1974080119740831.tif"
150.8929227,-33.8210665,22.5,"totals_1974090119740930.tif"
150.8929227,-33.8210665,75.5999984741211,"totals_1974100119741031.tif"
150.8929227,-33.8210665,58.5999984741211,"totals_1974110119741130.tif"
150.8929227,-33.8210665,4.90000009536743,"totals_1974120119741231.tif"
150.8929227,-33.8210665,34.5999984741211,"totals_1975010119750131.tif"
150.8929227,-33.8210665,116.199996948242,"totals_1975020119750228.tif"
150.8929227,-33.8210665,106.099998474121,"totals_1975030119750331.tif"
150.8929227,-33.8210665,80.8000030517578,"totals_1975040119750430.tif"
150.8929227,-33.8210665,7.69999980926514,"totals_1975050119750531.tif"
150.8929227,-33.8210665,172.5,"totals_1975060119750630.tif"
150.8929227,-33.8210665,153.5,"totals_1975070119750731.tif"
150.8929227,-33.8210665,16.3999996185303,"totals_1975080119750831.tif"
150.8929227,-33.8210665,32.9000015258789,"totals_1975090119750930.tif"
150.8929227,-33.8210665,85.1999969482422,"totals_1975100119751031.tif"
150.8929227,-33.8210665,65.0999984741211,"totals_1975110119751130.tif"
150.8929227,-33.8210665,12.8999996185303,"totals_1975120119751231.tif"
150.8929227,-33.8210665,242.100006103516,"totals_1976010119760131.tif"
150.8929227,-33.8210665,171,"totals_1976020119760229.tif"
150.8929227,-33.8210665,234,"totals_1976030119760331.tif"
150.8929227,-33.8210665,23.2999992370605,"totals_1976040119760430.tif"
150.8929227,-33.8210665,14.8000001907349,"totals_1976050119760531.tif"
150.8929227,-33.8210665,85.5,"totals_1976060119760630.tif"
150.8929227,-33.8210665,95.6999969482422,"totals_1976070119760731.tif"
150.8929227,-33.8210665,8.19999980926514,"totals_1976080119760831.tif"
150.8929227,-33.8210665,41.9000015258789,"totals_1976090119760930.tif"
150.8929227,-33.8210665,169,"totals_1976100119761031.tif"
150.8929227,-33.8210665,70.8000030517578,"totals_1976110119761130.tif"
150.8929227,-33.8210665,24,"totals_1976120119761231.tif"
150.8929227,-33.8210665,62.7000007629395,"totals_1977010119770131.tif"
150.8929227,-33.8210665,140.300003051758,"totals_1977020119770228.tif"
150.8929227,-33.8210665,127.900001525879,"totals_1977030119770331.tif"
150.8929227,-33.8210665,12.6000003814697,"totals_1977040119770430.tif"
150.8929227,-33.8210665,126.5,"totals_1977050119770531.tif"
150.8929227,-33.8210665,77.8000030517578,"totals_1977060119770630.tif"
150.8929227,-33.8210665,0,"totals_1977070119770731.tif"
150.8929227,-33.8210665,16.3999996185303,"totals_1977080119770831.tif"
150.8929227,-33.8210665,45,"totals_1977090119770930.tif"
150.8929227,-33.8210665,8.19999980926514,"totals_1977100119771031.tif"
150.8929227,-33.8210665,21.2000007629395,"totals_1977110119771130.tif"
150.8929227,-33.8210665,39.5,"totals_1977120119771231.tif"
150.8929227,-33.8210665,257.200012207031,"totals_1978010119780131.tif"
150.8929227,-33.8210665,29.6000003814697,"totals_1978020119780228.tif"
150.8929227,-33.8210665,328,"totals_1978030119780331.tif"
150.8929227,-33.8210665,71.8000030517578,"totals_1978040119780430.tif"
150.8929227,-33.8210665,74.5,"totals_1978050119780531.tif"
150.8929227,-33.8210665,248.100006103516,"totals_1978060119780630.tif"
150.8929227,-33.8210665,10.5,"totals_1978070119780731.tif"
150.8929227,-33.8210665,11.3000001907349,"totals_1978080119780831.tif"
150.8929227,-33.8210665,60.2999992370605,"totals_1978090119780930.tif"
150.8929227,-33.8210665,54.5,"totals_1978100119781031.tif"
150.8929227,-33.8210665,126.199996948242,"totals_1978110119781130.tif"
150.8929227,-33.8210665,74,"totals_1978120119781231.tif"
150.8929227,-33.8210665,34.5999984741211,"totals_1979010119790131.tif"
150.8929227,-33.8210665,17.5,"totals_1979020119790228.tif"
150.8929227,-33.8210665,73.3000030517578,"totals_1979030119790331.tif"
150.8929227,-33.8210665,21.5,"totals_1979040119790430.tif"
150.8929227,-33.8210665,76.5999984741211,"totals_1979050119790531.tif"
150.8929227,-33.8210665,100.400001525879,"totals_1979060119790630.tif"
150.8929227,-33.8210665,21.8999996185303,"totals_1979070119790731.tif"
150.8929227,-33.8210665,7.69999980926514,"totals_1979080119790831.tif"
150.8929227,-33.8210665,21.6000003814697,"totals_1979090119790930.tif"
150.8929227,-33.8210665,28.6000003814697,"totals_1979100119791031.tif"
150.8929227,-33.8210665,80.5999984741211,"totals_1979110119791130.tif"
150.8929227,-33.8210665,4.30000019073486,"totals_1979120119791231.tif"
150.8929227,-33.8210665,105.900001525879,"totals_1980010119800131.tif"
150.8929227,-33.8210665,78.9000015258789,"totals_1980020119800229.tif"
150.8929227,-33.8210665,29.5,"totals_1980030119800331.tif"
150.8929227,-33.8210665,5.40000009536743,"totals_1980040119800430.tif"
150.8929227,-33.8210665,130.699996948242,"totals_1980050119800531.tif"
150.8929227,-33.8210665,30.3999996185303,"totals_1980060119800630.tif"
150.8929227,-33.8210665,33.9000015258789,"totals_1980070119800731.tif"
150.8929227,-33.8210665,6.09999990463257,"totals_1980080119800831.tif"
150.8929227,-33.8210665,3.20000004768372,"totals_1980090119800930.tif"
150.8929227,-33.8210665,49.0999984741211,"totals_1980100119801031.tif"
150.8929227,-33.8210665,40.7000007629395,"totals_1980110119801130.tif"
150.8929227,-33.8210665,45.5999984741211,"totals_1980120119801231.tif"
150.8929227,-33.8210665,73.5,"totals_1981010119810131.tif"
150.8929227,-33.8210665,187.399993896484,"totals_1981020119810228.tif"
150.8929227,-33.8210665,26.2000007629395,"totals_1981030119810331.tif"
150.8929227,-33.8210665,139.100006103516,"totals_1981040119810430.tif"
150.8929227,-33.8210665,99.0999984741211,"totals_1981050119810531.tif"
150.8929227,-33.8210665,23.2999992370605,"totals_1981060119810630.tif"
150.8929227,-33.8210665,37.4000015258789,"totals_1981070119810731.tif"
150.8929227,-33.8210665,5.09999990463257,"totals_1981080119810831.tif"
150.8929227,-33.8210665,2.70000004768372,"totals_1981090119810930.tif"
150.8929227,-33.8210665,147.199996948242,"totals_1981100119811031.tif"
150.8929227,-33.8210665,122.900001525879,"totals_1981110119811130.tif"
150.8929227,-33.8210665,75.1999969482422,"totals_1981120119811231.tif"
150.8929227,-33.8210665,71.3000030517578,"totals_1982010119820131.tif"
150.8929227,-33.8210665,27.3999996185303,"totals_1982020119820228.tif"
150.8929227,-33.8210665,156.399993896484,"totals_1982030119820331.tif"
150.8929227,-33.8210665,9,"totals_1982040119820430.tif"
150.8929227,-33.8210665,2.09999990463257,"totals_1982050119820531.tif"
150.8929227,-33.8210665,28.2999992370605,"totals_1982060119820630.tif"
150.8929227,-33.8210665,20.8999996185303,"totals_1982070119820731.tif"
150.8929227,-33.8210665,4.09999990463257,"totals_1982080119820831.tif"
150.8929227,-33.8210665,138.199996948242,"totals_1982090119820930.tif"
150.8929227,-33.8210665,40.2000007629395,"totals_1982100119821031.tif"
150.8929227,-33.8210665,9.80000019073486,"totals_1982110119821130.tif"
150.8929227,-33.8210665,19.1000003814697,"totals_1982120119821231.tif"
150.8929227,-33.8210665,30.2999992370605,"totals_1983010119830131.tif"
150.8929227,-33.8210665,52.5999984741211,"totals_1983020119830228.tif"
150.8929227,-33.8210665,205.600006103516,"totals_1983030119830331.tif"
150.8929227,-33.8210665,67.3000030517578,"totals_1983040119830430.tif"
150.8929227,-33.8210665,97.6999969482422,"totals_1983050119830531.tif"
150.8929227,-33.8210665,56.5999984741211,"totals_1983060119830630.tif"
150.8929227,-33.8210665,24.3999996185303,"totals_1983070119830731.tif"
150.8929227,-33.8210665,14.3000001907349,"totals_1983080119830831.tif"
150.8929227,-33.8210665,59.4000015258789,"totals_1983090119830930.tif"
150.8929227,-33.8210665,119.199996948242,"totals_1983100119831031.tif"
150.8929227,-33.8210665,32.5999984741211,"totals_1983110119831130.tif"
150.8929227,-33.8210665,99.9000015258789,"totals_1983120119831231.tif"
150.8929227,-33.8210665,183.699996948242,"totals_1984010119840131.tif"
150.8929227,-33.8210665,131.5,"totals_1984020119840229.tif"
150.8929227,-33.8210665,113.699996948242,"totals_1984030119840331.tif"
150.8929227,-33.8210665,88.8000030517578,"totals_1984040119840430.tif"
150.8929227,-33.8210665,54.7999992370605,"totals_1984050119840531.tif"
150.8929227,-33.8210665,63.5999984741211,"totals_1984060119840630.tif"
150.8929227,-33.8210665,135.100006103516,"totals_1984070119840731.tif"
150.8929227,-33.8210665,12.3000001907349,"totals_1984080119840831.tif"
150.8929227,-33.8210665,36,"totals_1984090119840930.tif"
150.8929227,-33.8210665,25.8999996185303,"totals_1984100119841031.tif"
150.8929227,-33.8210665,166.100006103516,"totals_1984110119841130.tif"
150.8929227,-33.8210665,70.3000030517578,"totals_1984120119841231.tif"
150.8929227,-33.8210665,9.69999980926514,"totals_1985010119850131.tif"
150.8929227,-33.8210665,37.2999992370605,"totals_1985020119850228.tif"
150.8929227,-33.8210665,48.0999984741211,"totals_1985030119850331.tif"
150.8929227,-33.8210665,186.699996948242,"totals_1985040119850430.tif"
150.8929227,-33.8210665,107.5,"totals_1985050119850531.tif"
150.8929227,-33.8210665,87.6999969482422,"totals_1985060119850630.tif"
150.8929227,-33.8210665,45.9000015258789,"totals_1985070119850731.tif"
150.8929227,-33.8210665,14.3000001907349,"totals_1985080119850831.tif"
150.8929227,-33.8210665,58.0999984741211,"totals_1985090119850930.tif"
150.8929227,-33.8210665,153.300003051758,"totals_1985100119851031.tif"
150.8929227,-33.8210665,96.9000015258789,"totals_1985110119851130.tif"
150.8929227,-33.8210665,70.9000015258789,"totals_1985120119851231.tif"
150.8929227,-33.8210665,174,"totals_1986010119860131.tif"
150.8929227,-33.8210665,32.9000015258789,"totals_1986020119860228.tif"
150.8929227,-33.8210665,6.59999990463257,"totals_1986030119860331.tif"
150.8929227,-33.8210665,35.9000015258789,"totals_1986040119860430.tif"
150.8929227,-33.8210665,19,"totals_1986050119860531.tif"
150.8929227,-33.8210665,4.19999980926514,"totals_1986060119860630.tif"
150.8929227,-33.8210665,24.8999996185303,"totals_1986070119860731.tif"
150.8929227,-33.8210665,372.899993896484,"totals_1986080119860831.tif"
150.8929227,-33.8210665,44.5999984741211,"totals_1986090119860930.tif"
150.8929227,-33.8210665,55.2000007629395,"totals_1986100119861031.tif"
150.8929227,-33.8210665,175.100006103516,"totals_1986110119861130.tif"
150.8929227,-33.8210665,16,"totals_1986120119861231.tif"
150.8929227,-33.8210665,46.5,"totals_1987010119870131.tif"
150.8929227,-33.8210665,29.6000003814697,"totals_1987020119870228.tif"
150.8929227,-33.8210665,184.800003051758,"totals_1987030119870331.tif"
150.8929227,-33.8210665,25.1000003814697,"totals_1987040119870430.tif"
150.8929227,-33.8210665,48.5,"totals_1987050119870531.tif"
150.8929227,-33.8210665,40.2999992370605,"totals_1987060119870630.tif"
150.8929227,-33.8210665,61.7999992370605,"totals_1987070119870731.tif"
150.8929227,-33.8210665,192.100006103516,"totals_1987080119870831.tif"
150.8929227,-33.8210665,7.69999980926514,"totals_1987090119870930.tif"
150.8929227,-33.8210665,181.899993896484,"totals_1987100119871031.tif"
150.8929227,-33.8210665,105.800003051758,"totals_1987110119871130.tif"
150.8929227,-33.8210665,80.0999984741211,"totals_1987120119871231.tif"
150.8929227,-33.8210665,137.300003051758,"totals_1988010119880131.tif"
150.8929227,-33.8210665,107.400001525879,"totals_1988020119880229.tif"
150.8929227,-33.8210665,57.9000015258789,"totals_1988030119880331.tif"
150.8929227,-33.8210665,433.5,"totals_1988040119880430.tif"
150.8929227,-33.8210665,172.199996948242,"totals_1988050119880531.tif"
150.8929227,-33.8210665,38.9000015258789,"totals_1988060119880630.tif"
150.8929227,-33.8210665,162.5,"totals_1988070119880731.tif"
150.8929227,-33.8210665,30.2000007629395,"totals_1988080119880831.tif"
150.8929227,-33.8210665,87.3000030517578,"totals_1988090119880930.tif"
150.8929227,-33.8210665,0,"totals_1988100119881031.tif"
150.8929227,-33.8210665,140.899993896484,"totals_1988110119881130.tif"
150.8929227,-33.8210665,133.800003051758,"totals_1988120119881231.tif"
150.8929227,-33.8210665,102.699996948242,"totals_1989010119890131.tif"
150.8929227,-33.8210665,53.7000007629395,"totals_1989020119890228.tif"
150.8929227,-33.8210665,140,"totals_1989030119890331.tif"
150.8929227,-33.8210665,279.100006103516,"totals_1989040119890430.tif"
150.8929227,-33.8210665,92.0999984741211,"totals_1989050119890531.tif"
150.8929227,-33.8210665,145.600006103516,"totals_1989060119890630.tif"
150.8929227,-33.8210665,16.8999996185303,"totals_1989070119890731.tif"
150.8929227,-33.8210665,23.6000003814697,"totals_1989080119890831.tif"
150.8929227,-33.8210665,1.79999995231628,"totals_1989090119890930.tif"
150.8929227,-33.8210665,15.6999998092651,"totals_1989100119891031.tif"
150.8929227,-33.8210665,49.7000007629395,"totals_1989110119891130.tif"
150.8929227,-33.8210665,87.5,"totals_1989120119891231.tif"
150.8929227,-33.8210665,75.6999969482422,"totals_1990010119900131.tif"
150.8929227,-33.8210665,502,"totals_1990020119900228.tif"
150.8929227,-33.8210665,115.900001525879,"totals_1990030119900331.tif"
150.8929227,-33.8210665,239.600006103516,"totals_1990040119900430.tif"
150.8929227,-33.8210665,90.6999969482422,"totals_1990050119900531.tif"
150.8929227,-33.8210665,17,"totals_1990060119900630.tif"
150.8929227,-33.8210665,46.9000015258789,"totals_1990070119900731.tif"
150.8929227,-33.8210665,153.699996948242,"totals_1990080119900831.tif"
150.8929227,-33.8210665,58.5,"totals_1990090119900930.tif"
150.8929227,-33.8210665,45,"totals_1990100119901031.tif"
150.8929227,-33.8210665,27.7000007629395,"totals_1990110119901130.tif"
150.8929227,-33.8210665,27.7000007629395,"totals_1990120119901231.tif"
150.8929227,-33.8210665,102.699996948242,"totals_1991010119910131.tif"
150.8929227,-33.8210665,37.2999992370605,"totals_1991020119910228.tif"
150.8929227,-33.8210665,17.5,"totals_1991030119910331.tif"
150.8929227,-33.8210665,27.7999992370605,"totals_1991040119910430.tif"
150.8929227,-33.8210665,23.2000007629395,"totals_1991050119910531.tif"
150.8929227,-33.8210665,291.899993896484,"totals_1991060119910630.tif"
150.8929227,-33.8210665,71.3000030517578,"totals_1991070119910731.tif"
150.8929227,-33.8210665,5.09999990463257,"totals_1991080119910831.tif"
150.8929227,-33.8210665,13.5,"totals_1991090119910930.tif"
150.8929227,-33.8210665,11.6000003814697,"totals_1991100119911031.tif"
150.8929227,-33.8210665,33.4000015258789,"totals_1991110119911130.tif"
150.8929227,-33.8210665,132.5,"totals_1991120119911231.tif"
150.8929227,-33.8210665,87.5,"totals_1992010119920131.tif"
150.8929227,-33.8210665,325.5,"totals_1992020119920229.tif"
150.8929227,-33.8210665,53.5999984741211,"totals_1992030119920331.tif"
150.8929227,-33.8210665,50.2999992370605,"totals_1992040119920430.tif"
150.8929227,-33.8210665,25.2999992370605,"totals_1992050119920531.tif"
150.8929227,-33.8210665,50.2000007629395,"totals_1992060119920630.tif"
150.8929227,-33.8210665,9,"totals_1992070119920731.tif"
150.8929227,-33.8210665,9.69999980926514,"totals_1992080119920831.tif"
150.8929227,-33.8210665,20.2999992370605,"totals_1992090119920930.tif"
150.8929227,-33.8210665,39.5,"totals_1992100119921031.tif"
150.8929227,-33.8210665,124.599998474121,"totals_1992110119921130.tif"
150.8929227,-33.8210665,171.399993896484,"totals_1992120119921231.tif"
150.8929227,-33.8210665,57.2999992370605,"totals_1993010119930131.tif"
150.8929227,-33.8210665,64.6999969482422,"totals_1993020119930228.tif"
150.8929227,-33.8210665,105,"totals_1993030119930331.tif"
150.8929227,-33.8210665,28.7000007629395,"totals_1993040119930430.tif"
150.8929227,-33.8210665,13.3999996185303,"totals_1993050119930531.tif"
150.8929227,-33.8210665,30.3999996185303,"totals_1993060119930630.tif"
150.8929227,-33.8210665,72.8000030517578,"totals_1993070119930731.tif"
150.8929227,-33.8210665,37.4000015258789,"totals_1993080119930831.tif"
150.8929227,-33.8210665,50,"totals_1993090119930930.tif"
150.8929227,-33.8210665,44.2999992370605,"totals_1993100119931031.tif"
150.8929227,-33.8210665,78.1999969482422,"totals_1993110119931130.tif"
150.8929227,-33.8210665,34.5,"totals_1993120119931231.tif"
150.8929227,-33.8210665,17.2999992370605,"totals_1994010119940131.tif"
150.8929227,-33.8210665,94.3000030517578,"totals_1994020119940228.tif"
150.8929227,-33.8210665,138.899993896484,"totals_1994030119940331.tif"
150.8929227,-33.8210665,65.5,"totals_1994040119940430.tif"
150.8929227,-33.8210665,10.5,"totals_1994050119940531.tif"
150.8929227,-33.8210665,50.9000015258789,"totals_1994060119940630.tif"
150.8929227,-33.8210665,11.5,"totals_1994070119940731.tif"
150.8929227,-33.8210665,6.69999980926514,"totals_1994080119940831.tif"
150.8929227,-33.8210665,17.1000003814697,"totals_1994090119940930.tif"
150.8929227,-33.8210665,22.5,"totals_1994100119941031.tif"
150.8929227,-33.8210665,67.5999984741211,"totals_1994110119941130.tif"
150.8929227,-33.8210665,55.5,"totals_1994120119941231.tif"
150.8929227,-33.8210665,129.699996948242,"totals_1995010119950131.tif"
150.8929227,-33.8210665,40.5999984741211,"totals_1995020119950228.tif"
150.8929227,-33.8210665,172.800003051758,"totals_1995030119950331.tif"
150.8929227,-33.8210665,21.5,"totals_1995040119950430.tif"
150.8929227,-33.8210665,131.399993896484,"totals_1995050119950531.tif"
150.8929227,-33.8210665,26.2000007629395,"totals_1995060119950630.tif"
150.8929227,-33.8210665,1.5,"totals_1995070119950731.tif"
150.8929227,-33.8210665,0,"totals_1995080119950831.tif"
150.8929227,-33.8210665,169.699996948242,"totals_1995090119950930.tif"
150.8929227,-33.8210665,32.7000007629395,"totals_1995100119951031.tif"
150.8929227,-33.8210665,99.3000030517578,"totals_1995110119951130.tif"
150.8929227,-33.8210665,87.5,"totals_1995120119951231.tif"
150.8929227,-33.8210665,161,"totals_1996010119960131.tif"
150.8929227,-33.8210665,41.7000007629395,"totals_1996020119960229.tif"
150.8929227,-33.8210665,38.2999992370605,"totals_1996030119960331.tif"
150.8929227,-33.8210665,37.7000007629395,"totals_1996040119960430.tif"
150.8929227,-33.8210665,123.699996948242,"totals_1996050119960531.tif"
150.8929227,-33.8210665,36.0999984741211,"totals_1996060119960630.tif"
150.8929227,-33.8210665,66.8000030517578,"totals_1996070119960731.tif"
150.8929227,-33.8210665,84.5,"totals_1996080119960831.tif"
150.8929227,-33.8210665,65.6999969482422,"totals_1996090119960930.tif"
150.8929227,-33.8210665,26.6000003814697,"totals_1996100119961031.tif"
150.8929227,-33.8210665,69.1999969482422,"totals_1996110119961130.tif"
150.8929227,-33.8210665,42.5,"totals_1996120119961231.tif"
150.8929227,-33.8210665,151.300003051758,"totals_1997010119970131.tif"
150.8929227,-33.8210665,141.399993896484,"totals_1997020119970228.tif"
150.8929227,-33.8210665,21.8999996185303,"totals_1997030119970331.tif"
150.8929227,-33.8210665,1.79999995231628,"totals_1997040119970430.tif"
150.8929227,-33.8210665,35.7999992370605,"totals_1997050119970531.tif"
150.8929227,-33.8210665,41,"totals_1997060119970630.tif"
150.8929227,-33.8210665,36.9000015258789,"totals_1997070119970731.tif"
150.8929227,-33.8210665,3.59999990463257,"totals_1997080119970831.tif"
150.8929227,-33.8210665,84.1999969482422,"totals_1997090119970930.tif"
150.8929227,-33.8210665,49.0999984741211,"totals_1997100119971031.tif"
150.8929227,-33.8210665,32.5999984741211,"totals_1997110119971130.tif"
150.8929227,-33.8210665,25.2999992370605,"totals_1997120119971231.tif"
150.8929227,-33.8210665,114.599998474121,"totals_1998010119980131.tif"
150.8929227,-33.8210665,54.7999992370605,"totals_1998020119980228.tif"
150.8929227,-33.8210665,21.8999996185303,"totals_1998030119980331.tif"
150.8929227,-33.8210665,175,"totals_1998040119980430.tif"
150.8929227,-33.8210665,186.199996948242,"totals_1998050119980531.tif"
150.8929227,-33.8210665,75.5999984741211,"totals_1998060119980630.tif"
150.8929227,-33.8210665,75.3000030517578,"totals_1998070119980731.tif"
150.8929227,-33.8210665,195.699996948242,"totals_1998080119980831.tif"
150.8929227,-33.8210665,37.7999992370605,"totals_1998090119980930.tif"
150.8929227,-33.8210665,32.7000007629395,"totals_1998100119981031.tif"
150.8929227,-33.8210665,76.5,"totals_1998110119981130.tif"
150.8929227,-33.8210665,35.7999992370605,"totals_1998120119981231.tif"
150.8929227,-33.8210665,143.699996948242,"totals_1999010119990131.tif"
150.8929227,-33.8210665,165.5,"totals_1999020119990228.tif"
150.8929227,-33.8210665,38.2999992370605,"totals_1999030119990331.tif"
150.8929227,-33.8210665,111.300003051758,"totals_1999040119990430.tif"
150.8929227,-33.8210665,27.3999996185303,"totals_1999050119990531.tif"
150.8929227,-33.8210665,38.2000007629395,"totals_1999060119990630.tif"
150.8929227,-33.8210665,144.100006103516,"totals_1999070119990731.tif"
150.8929227,-33.8210665,35.2999992370605,"totals_1999080119990831.tif"
150.8929227,-33.8210665,33.7999992370605,"totals_1999090119990930.tif"
150.8929227,-33.8210665,162.899993896484,"totals_1999100119991031.tif"
150.8929227,-33.8210665,54.5999984741211,"totals_1999110119991130.tif"
150.8929227,-33.8210665,93.0999984741211,"totals_1999120119991231.tif"
150.8929227,-33.8210665,29.2000007629395,"totals_2000010120000131.tif"
150.8929227,-33.8210665,11,"totals_2000020120000229.tif"
150.8929227,-33.8210665,244.899993896484,"totals_2000030120000331.tif"
150.8929227,-33.8210665,56.5,"totals_2000040120000430.tif"
150.8929227,-33.8210665,28.7999992370605,"totals_2000050120000531.tif"
150.8929227,-33.8210665,27.6000003814697,"totals_2000060120000630.tif"
150.8929227,-33.8210665,23.8999996185303,"totals_2000070120000731.tif"
150.8929227,-33.8210665,10.8000001907349,"totals_2000080120000831.tif"
150.8929227,-33.8210665,31.1000003814697,"totals_2000090120000930.tif"
150.8929227,-33.8210665,64.6999969482422,"totals_2000100120001031.tif"
150.8929227,-33.8210665,163.699996948242,"totals_2000110120001130.tif"
150.8929227,-33.8210665,72.6999969482422,"totals_2000120120001231.tif"
150.8929227,-33.8210665,164.300003051758,"totals_2001010120010131.tif"
150.8929227,-33.8210665,145.800003051758,"totals_2001020120010228.tif"
150.8929227,-33.8210665,94,"totals_2001030120010331.tif"
150.8929227,-33.8210665,78.0999984741211,"totals_2001040120010430.tif"
150.8929227,-33.8210665,67.5,"totals_2001050120010531.tif"
150.8929227,-33.8210665,3.5,"totals_2001060120010630.tif"
150.8929227,-33.8210665,67.8000030517578,"totals_2001070120010731.tif"
150.8929227,-33.8210665,27.7000007629395,"totals_2001080120010831.tif"
150.8929227,-33.8210665,19.3999996185303,"totals_2001090120010930.tif"
150.8929227,-33.8210665,37.5,"totals_2001100120011031.tif"
150.8929227,-33.8210665,56.2000007629395,"totals_2001110120011130.tif"
150.8929227,-33.8210665,29,"totals_2001120120011231.tif"
150.8929227,-33.8210665,76.6999969482422,"totals_2002010120020131.tif"
150.8929227,-33.8210665,251,"totals_2002020120020228.tif"
150.8929227,-33.8210665,98.4000015258789,"totals_2002030120020331.tif"
150.8929227,-33.8210665,19.7000007629395,"totals_2002040120020430.tif"
150.8929227,-33.8210665,45,"totals_2002050120020531.tif"
150.8929227,-33.8210665,15.6000003814697,"totals_2002060120020630.tif"
150.8929227,-33.8210665,12,"totals_2002070120020731.tif"
150.8929227,-33.8210665,8.69999980926514,"totals_2002080120020831.tif"
150.8929227,-33.8210665,7.19999980926514,"totals_2002090120020930.tif"
150.8929227,-33.8210665,7.5,"totals_2002100120021031.tif"
150.8929227,-33.8210665,15.5,"totals_2002110120021130.tif"
150.8929227,-33.8210665,60.4000015258789,"totals_2002120120021231.tif"
150.8929227,-33.8210665,20.5,"totals_2003010120030131.tif"
150.8929227,-33.8210665,88.8000030517578,"totals_2003020120030228.tif"
150.8929227,-33.8210665,86.4000015258789,"totals_2003030120030331.tif"
150.8929227,-33.8210665,69.0999984741211,"totals_2003040120030430.tif"
150.8929227,-33.8210665,176.399993896484,"totals_2003050120030531.tif"
150.8929227,-33.8210665,36.7999992370605,"totals_2003060120030630.tif"
150.8929227,-33.8210665,29.3999996185303,"totals_2003070120030731.tif"
150.8929227,-33.8210665,21,"totals_2003080120030831.tif"
150.8929227,-33.8210665,4.5,"totals_2003090120030930.tif"
150.8929227,-33.8210665,75,"totals_2003100120031031.tif"
150.8929227,-33.8210665,61.0999984741211,"totals_2003110120031130.tif"
150.8929227,-33.8210665,76.4000015258789,"totals_2003120120031231.tif"
150.8929227,-33.8210665,46.5,"totals_2004010120040131.tif"
150.8929227,-33.8210665,88.8000030517578,"totals_2004020120040229.tif"
150.8929227,-33.8210665,39.4000015258789,"totals_2004030120040331.tif"
150.8929227,-33.8210665,39.5,"totals_2004040120040430.tif"
150.8929227,-33.8210665,9.80000019073486,"totals_2004050120040531.tif"
150.8929227,-33.8210665,9.19999980926514,"totals_2004060120040630.tif"
150.8929227,-33.8210665,23.8999996185303,"totals_2004070120040731.tif"
150.8929227,-33.8210665,29.2000007629395,"totals_2004080120040831.tif"
150.8929227,-33.8210665,36.9000015258789,"totals_2004090120040930.tif"
150.8929227,-33.8210665,214,"totals_2004100120041031.tif"
150.8929227,-33.8210665,57,"totals_2004110120041130.tif"
150.8929227,-33.8210665,61.5999984741211,"totals_2004120120041231.tif"
150.8929227,-33.8210665,84.3000030517578,"totals_2005010120050131.tif"
150.8929227,-33.8210665,114,"totals_2005020120050228.tif"
150.8929227,-33.8210665,54.7000007629395,"totals_2005030120050331.tif"
150.8929227,-33.8210665,17.1000003814697,"totals_2005040120050430.tif"
150.8929227,-33.8210665,28.7999992370605,"totals_2005050120050531.tif"
150.8929227,-33.8210665,56.5999984741211,"totals_2005060120050630.tif"
150.8929227,-33.8210665,30.8999996185303,"totals_2005070120050731.tif"
150.8929227,-33.8210665,2.59999990463257,"totals_2005080120050831.tif"
150.8929227,-33.8210665,41,"totals_2005090120050930.tif"
150.8929227,-33.8210665,57.2000007629395,"totals_2005100120051031.tif"
150.8929227,-33.8210665,138.399993896484,"totals_2005110120051130.tif"
150.8929227,-33.8210665,18.5,"totals_2005120120051231.tif"
150.8929227,-33.8210665,96.1999969482422,"totals_2006010120060131.tif"
150.8929227,-33.8210665,72.3000030517578,"totals_2006020120060228.tif"
150.8929227,-33.8210665,24.1000003814697,"totals_2006030120060331.tif"
150.8929227,-33.8210665,3.59999990463257,"totals_2006040120060430.tif"
150.8929227,-33.8210665,9.80000019073486,"totals_2006050120060531.tif"
150.8929227,-33.8210665,68.5999984741211,"totals_2006060120060630.tif"
150.8929227,-33.8210665,44.9000015258789,"totals_2006070120060731.tif"
150.8929227,-33.8210665,33.2999992370605,"totals_2006080120060831.tif"
150.8929227,-33.8210665,138.699996948242,"totals_2006090120060930.tif"
150.8929227,-33.8210665,5.5,"totals_2006100120061031.tif"
150.8929227,-33.8210665,29.2999992370605,"totals_2006110120061130.tif"
150.8929227,-33.8210665,54.2999992370605,"totals_2006120120061231.tif"
150.8929227,-33.8210665,34.5999984741211,"totals_2007010120070131.tif"
150.8929227,-33.8210665,167.699996948242,"totals_2007020120070228.tif"
150.8929227,-33.8210665,73.3000030517578,"totals_2007030120070331.tif"
150.8929227,-33.8210665,69.0999984741211,"totals_2007040120070430.tif"
150.8929227,-33.8210665,16.8999996185303,"totals_2007050120070531.tif"
150.8929227,-33.8210665,314.600006103516,"totals_2007060120070630.tif"
150.8929227,-33.8210665,28.8999996185303,"totals_2007070120070731.tif"
150.8929227,-33.8210665,58.9000015258789,"totals_2007080120070831.tif"
150.8929227,-33.8210665,20.2999992370605,"totals_2007090120070930.tif"
150.8929227,-33.8210665,21.7999992370605,"totals_2007100120071031.tif"
150.8929227,-33.8210665,154.699996948242,"totals_2007110120071130.tif"
150.8929227,-33.8210665,115.400001525879,"totals_2007120120071231.tif"
150.8929227,-33.8210665,90.8000030517578,"totals_2008010120080131.tif"
150.8929227,-33.8210665,266.299987792969,"totals_2008020120080229.tif"
150.8929227,-33.8210665,69.9000015258789,"totals_2008030120080331.tif"
150.8929227,-33.8210665,75.8000030517578,"totals_2008040120080430.tif"
150.8929227,-33.8210665,2.79999995231628,"totals_2008050120080531.tif"
150.8929227,-33.8210665,105.599998474121,"totals_2008060120080630.tif"
150.8929227,-33.8210665,26.7999992370605,"totals_2008070120080731.tif"
150.8929227,-33.8210665,24,"totals_2008080120080831.tif"
150.8929227,-33.8210665,54.5,"totals_2008090120080930.tif"
150.8929227,-33.8210665,61.4000015258789,"totals_2008100120081031.tif"
150.8929227,-33.8210665,70.8000030517578,"totals_2008110120081130.tif"
150.8929227,-33.8210665,78.8000030517578,"totals_2008120120081231.tif"
150.8929227,-33.8210665,25.8999996185303,"totals_2009010120090131.tif"
150.8929227,-33.8210665,139.199996948242,"totals_2009020120090228.tif"
150.8929227,-33.8210665,67.8000030517578,"totals_2009030120090331.tif"
150.8929227,-33.8210665,111.199996948242,"totals_2009040120090430.tif"
150.8929227,-33.8210665,87.1999969482422,"totals_2009050120090531.tif"
150.8929227,-33.8210665,45.7000007629395,"totals_2009060120090630.tif"
150.8929227,-33.8210665,24.6000003814697,"totals_2009070120090731.tif"
150.8929227,-33.8210665,5.19999980926514,"totals_2009080120090831.tif"
150.8929227,-33.8210665,18.6000003814697,"totals_2009090120090930.tif"
150.8929227,-33.8210665,106.300003051758,"totals_2009100120091031.tif"
150.8929227,-33.8210665,13.8000001907349,"totals_2009110120091130.tif"
150.8929227,-33.8210665,55,"totals_2009120120091231.tif"
150.8929227,-33.8210665,29.2000007629395,"totals_2010010120100131.tif"
150.8929227,-33.8210665,199.5,"totals_2010020120100228.tif"
150.8929227,-33.8210665,78.6999969482422,"totals_2010030120100331.tif"
150.8929227,-33.8210665,20.7000007629395,"totals_2010040120100430.tif"
150.8929227,-33.8210665,62.2999992370605,"totals_2010050120100531.tif"
150.8929227,-33.8210665,86.3000030517578,"totals_2010060120100630.tif"
150.8929227,-33.8210665,42.4000015258789,"totals_2010070120100731.tif"
150.8929227,-33.8210665,19.2999992370605,"totals_2010080120100831.tif"
150.8929227,-33.8210665,37.2000007629395,"totals_2010090120100930.tif"
150.8929227,-33.8210665,77.1999969482422,"totals_2010100120101031.tif"
150.8929227,-33.8210665,114.800003051758,"totals_2010110120101130.tif"
150.8929227,-33.8210665,84.3000030517578,"totals_2010120120101231.tif"
150.8929227,-33.8210665,44.2999992370605,"totals_2011010120110131.tif"
150.8929227,-33.8210665,19.7000007629395,"totals_2011020120110228.tif"
150.8929227,-33.8210665,90.6999969482422,"totals_2011030120110331.tif"
150.8929227,-33.8210665,82.6999969482422,"totals_2011040120110430.tif"
150.8929227,-33.8210665,73.3000030517578,"totals_2011050120110531.tif"
150.8929227,-33.8210665,57.7999992370605,"totals_2011060120110630.tif"
150.8929227,-33.8210665,71,"totals_2011070120110731.tif"
150.8929227,-33.8210665,33.9000015258789,"totals_2011080120110831.tif"
150.8929227,-33.8210665,73.9000015258789,"totals_2011090120110930.tif"
150.8929227,-33.8210665,40.7000007629395,"totals_2011100120111031.tif"
150.8929227,-33.8210665,131.899993896484,"totals_2011110120111130.tif"
150.8929227,-33.8210665,108.099998474121,"totals_2011120120111231.tif"
150.8929227,-33.8210665,145.899993896484,"totals_2012010120120131.tif"
150.8929227,-33.8210665,190.699996948242,"totals_2012020120120229.tif"
150.8929227,-33.8210665,195.600006103516,"totals_2012030120120331.tif"
150.8929227,-33.8210665,142.199996948242,"totals_2012040120120430.tif"
150.8929227,-33.8210665,14.5,"totals_2012050120120531.tif"
150.8929227,-33.8210665,116.300003051758,"totals_2012060120120630.tif"
150.8929227,-33.8210665,22.7999992370605,"totals_2012070120120731.tif"
150.8929227,-33.8210665,6.30000019073486,"totals_2012080120120831.tif"
150.8929227,-33.8210665,20.3999996185303,"totals_2012090120120930.tif"
150.8929227,-33.8210665,30.2999992370605,"totals_2012100120121031.tif"
150.8929227,-33.8210665,42.2999992370605,"totals_2012110120121130.tif"
150.8929227,-33.8210665,36.5999984741211,"totals_2012120120121231.tif"
150.8929227,-33.8210665,114.599998474121,"totals_2013010120130131.tif"
150.8929227,-33.8210665,151.300003051758,"totals_2013020120130228.tif"
150.8929227,-33.8210665,82,"totals_2013030120130331.tif"
150.8929227,-33.8210665,58.5999984741211,"totals_2013040120130430.tif"
150.8929227,-33.8210665,39.4000015258789,"totals_2013050120130531.tif"
150.8929227,-33.8210665,139.899993896484,"totals_2013060120130630.tif"
150.8929227,-33.8210665,8,"totals_2013070120130731.tif"
150.8929227,-33.8210665,7.80000019073486,"totals_2013080120130831.tif"
150.8929227,-33.8210665,18.2000007629395,"totals_2013090120130930.tif"
150.8929227,-33.8210665,6.90000009536743,"totals_2013100120131031.tif"
150.8929227,-33.8210665,156.300003051758,"totals_2013110120131130.tif"
150.8929227,-33.8210665,31.1000003814697,"totals_2013120120131231.tif"
150.8929227,-33.8210665,20.5,"totals_2014010120140131.tif"
150.8929227,-33.8210665,69.0999984741211,"totals_2014020120140228.tif"
150.8929227,-33.8210665,156.300003051758,"totals_2014030120140331.tif"
150.8929227,-33.8210665,43.0999984741211,"totals_2014040120140430.tif"
150.8929227,-33.8210665,5.5,"totals_2014050120140531.tif"
150.8929227,-33.8210665,30,"totals_2014060120140630.tif"
150.8929227,-33.8210665,13.3999996185303,"totals_2014070120140731.tif"
150.8929227,-33.8210665,149.199996948242,"totals_2014080120140831.tif"
150.8929227,-33.8210665,27.5,"totals_2014090120140930.tif"
150.8929227,-33.8210665,70.3000030517578,"totals_2014100120141031.tif"
150.8929227,-33.8210665,38.2999992370605,"totals_2014110120141130.tif"
150.8929227,-33.8210665,188.100006103516,"totals_2014120120141231.tif"
