"date","year","month","rain","sixmnthtot","index","indexBelowThreshold","count","count2","sums","sums2"
1970-06-01,1970,6,17.0639095306396,263.453321456909,-3.80952380952381,-3.80952380952381,1,1,-3.80952380952381,-3.80952380952381
1970-07-01,1970,7,0,167.502637863159,-3.80952380952381,-3.80952380952381,2,2,-7.61904761904762,-7.61904761904762
1970-08-01,1970,8,21.0431270599365,147.310459136963,-4,-4,3,3,-11.6190476190476,-11.6190476190476
1970-09-01,1970,9,189.753036499023,271.261493682861,-0.761904761904762,0,0,0,0,0
1970-10-01,1970,10,25.0008850097656,267.845600128173,-1.14285714285714,-1.14285714285714,1,1,-1.14285714285714,-1.14285714285714
1970-11-01,1970,11,153.052230834961,405.913188934326,1.52380952380952,0,0,0,0,0
1970-12-01,1970,12,274.644500732422,663.493780136108,3.80952380952381,0,0,0,0,0
1971-01-01,1971,1,92.243278503418,755.737058639526,4,0,0,0,0,0
1971-02-01,1971,2,140.252410888672,874.946342468262,4,0,0,0,0,0
1971-03-01,1971,3,81.9423828125,767.135688781739,3.41463414634146,0,0,0,0,0
1971-04-01,1971,4,39.274787902832,781.409591674805,2.63414634146341,0,0,0,0,0
1971-05-01,1971,5,45.2065811157227,673.563941955567,2.04878048780488,0,0,0,0,0
1971-06-01,1971,6,9.13979053497314,408.059231758118,-1.33333333333333,-1.33333333333333,1,1,-1.33333333333333,-1.33333333333333
1971-07-01,1971,7,10.282112121582,326.098065376282,-2.0952380952381,-2.0952380952381,2,2,-3.42857142857143,-3.42857142857143
1971-08-01,1971,8,40.4003677368164,226.246022224426,-2.47619047619048,-2.47619047619048,3,3,-5.90476190476191,-5.90476190476191
1971-09-01,1971,9,40.6702194213867,184.973858833313,-3.04761904761905,-3.04761904761905,4,4,-8.95238095238095,-8.95238095238095
1971-10-01,1971,10,2.68788051605225,148.386951446533,-3.61904761904762,-3.61904761904762,5,5,-12.5714285714286,-12.5714285714286
1971-11-01,1971,11,68.0030517578125,171.183422088623,-3.23809523809524,-3.23809523809524,6,6,-15.8095238095238,-15.8095238095238
1971-12-01,1971,12,147.791015625,309.83464717865,-0.952380952380953,0,0,7,0,0
1972-01-01,1972,1,272.584106445312,572.13664150238,3.41463414634146,0,0,0,0,0
1972-02-01,1972,2,70.3505706787109,602.086844444274,1.85365853658537,0,0,0,0,0
1972-03-01,1972,3,152.911743164062,714.32836818695,2.82926829268293,0,0,0,0,0
1972-04-01,1972,4,74.3772277832031,786.0177154541,2.82926829268293,0,0,0,0,0
1972-05-01,1972,5,32.2152290344238,750.229892730712,2.82926829268293,0,0,0,0,0
1972-06-01,1972,6,43.0605316162109,645.499408721923,2.28571428571429,0,0,0,0,0
1972-07-01,1972,7,1.2696373462677,374.184939622878,-1.14285714285714,-1.14285714285714,1,1,-1.14285714285714,-1.14285714285714
1972-08-01,1972,8,34.848705291748,338.683074235915,-0.761904761904762,0,0,0,0,0
1972-09-01,1972,9,17.9363594055176,203.707690477371,-2.47619047619048,-2.47619047619048,1,1,-2.47619047619048,-2.47619047619048
1972-10-01,1972,10,199.213592529297,328.544055223465,0.571428571428571,0,0,0,0,0
1972-11-01,1972,11,47.7990951538086,344.12792134285,-0.190476190476191,0,0,0,0,0
1972-12-01,1972,12,30.5575637817383,331.624953508377,-0.380952380952381,0,0,0,0,0
1973-01-01,1973,1,83.8920745849609,414.24739074707,0.0975609756097562,0,0,0,0,0
1973-02-01,1973,2,274.370697021484,653.769382476806,3.21951219512195,0,0,0,0,0
1973-03-01,1973,3,22.1335582733154,657.966581344604,1.85365853658537,0,0,0,0,0
1973-04-01,1973,4,44.8333282470703,503.586317062377,0.682926829268292,0,0,0,0,0
1973-05-01,1973,5,24.2951316833496,480.082353591918,-0.292682926829268,0,0,0,0,0
1973-06-01,1973,6,25.3916053771973,474.916395187378,-0.952380952380953,0,0,0,0,0
1973-07-01,1973,7,74.7215118408203,465.745832443237,-0.190476190476191,0,0,0,0,0
1973-08-01,1973,8,44.5358543395996,235.910989761352,-2.28571428571429,-2.28571428571429,1,1,-2.28571428571429,-2.28571428571429
1973-09-01,1973,9,31.3885669708252,245.165998458862,-1.71428571428571,-1.71428571428571,2,2,-4,-4
1973-10-01,1973,10,106.550842285156,306.883512496948,-0.380952380952381,0,0,0,0,0
1973-11-01,1973,11,119.384719848633,401.973100662231,1.33333333333333,0,0,0,0,0
1973-12-01,1973,12,46.5986595153809,423.180154800415,1.90476190476191,0,0,0,0,0
1974-01-01,1974,1,159.817779541016,508.276422500611,2.04878048780488,0,0,0,0,0
1974-02-01,1974,2,86.794921875,550.535490036011,1.26829268292683,0,0,0,0,0
1974-03-01,1974,3,234.798629760742,753.945552825928,3.21951219512195,0,0,0,0,0
1974-04-01,1974,4,142.618957519531,790.013668060303,3.21951219512195,0,0,0,0,0
1974-05-01,1974,5,173.653701782227,844.282649993897,3.60975609756098,0,0,0,0,0
1974-06-01,1974,6,128.70149230957,926.385482788086,3.61904761904762,0,0,0,0,0
1974-07-01,1974,7,4.24098873138428,770.808691978454,3.61904761904762,0,0,0,0,0
1974-08-01,1974,8,59.979434967041,743.993205070495,3.61904761904762,0,0,0,0,0
1974-09-01,1974,9,20.6587543487549,529.853329658508,3.23809523809524,0,0,0,0,0
1974-10-01,1974,10,74.627082824707,461.861454963684,2.66666666666667,0,0,0,0,0
1974-11-01,1974,11,61.2787094116211,349.486462593078,0.571428571428571,0,0,0,0,0
1974-12-01,1974,12,5.94324731826782,226.728217601776,-2.47619047619048,-2.47619047619048,1,1,-2.47619047619048,-2.47619047619048
1975-01-01,1975,1,34.971118927002,257.458347797394,-2.82926829268293,-2.82926829268293,2,2,-5.3054587688734,-5.3054587688734
1975-02-01,1975,2,117.538970947266,315.017883777619,-3.02439024390244,-3.02439024390244,3,3,-8.32984901277584,-8.32984901277584
1975-03-01,1975,3,119.505920410156,413.86504983902,-1.85365853658537,-1.85365853658537,4,4,-10.1835075493612,-10.1835075493612
1975-04-01,1975,4,70.2183685302734,409.456335544586,-2.24390243902439,-2.24390243902439,5,5,-12.4274099883856,-12.4274099883856
1975-05-01,1975,5,8.52493286132812,356.702558994293,-2.4390243902439,-2.4390243902439,6,6,-14.8664343786295,-14.8664343786295
1975-06-01,1975,6,183.660659790039,534.419971466064,0.952380952380953,0,0,0,0,0
1975-07-01,1975,7,129.115615844727,628.56446838379,2.66666666666667,0,0,0,0,0
1975-08-01,1975,8,16.6614208221436,527.686918258667,2.47619047619048,0,0,0,0,0
1975-09-01,1975,9,32.100772857666,440.281770706177,2.28571428571429,0,0,0,0,0
1975-10-01,1975,10,90.0271530151367,460.09055519104,2.47619047619048,0,0,0,0,0
1975-11-01,1975,11,60.3251419067383,511.890764236451,3.23809523809524,0,0,0,0,0
1975-12-01,1975,12,14.2087659835815,342.438870429993,-0.190476190476191,0,0,0,0,0
1976-01-01,1976,1,253.955825805664,467.27908039093,1.07317073170732,0,0,0,0,0
1976-02-01,1976,2,158.273361206055,608.891020774842,2.04878048780488,0,0,0,0,0
1976-03-01,1976,3,241.748062133789,818.538310050965,3.80487804878049,0,0,0,0,0
1976-04-01,1976,4,23.3146514892578,751.825808525086,2.4390243902439,0,0,0,0,0
1976-05-01,1976,5,14.1872510910034,705.687917709351,2.4390243902439,0,0,0,0,0
1976-06-01,1976,6,83.1252746582031,774.604426383972,2.85714285714286,0,0,0,0,0
1976-07-01,1976,7,82.3798217773438,603.028422355652,2.47619047619048,0,0,0,0,0
1976-08-01,1976,8,9.27524471282959,454.030305862427,1.33333333333333,0,0,0,0,0
1976-09-01,1976,9,39.5163612365723,251.79860496521,-1.33333333333333,-1.33333333333333,1,1,-1.33333333333333,-1.33333333333333
1976-10-01,1976,10,167.187835693359,395.671789169311,1.52380952380952,0,0,0,0,0
1976-11-01,1976,11,72.6026382446289,454.087176322937,2.66666666666667,0,0,0,0,0
1976-12-01,1976,12,24.0222969055176,394.984198570251,1.33333333333333,0,0,0,0,0
1977-01-01,1977,1,73.483772277832,386.088149070739,-0.48780487804878,0,0,0,0,0
1977-02-01,1977,2,166.385437011719,543.198341369629,1.07317073170732,0,0,0,0,0
1977-03-01,1977,3,152.983520507812,656.665500640868,1.65853658536585,0,0,0,0,0
1977-04-01,1977,4,11.5445528030396,501.022217750549,0.292682926829269,0,0,0,0,0
1977-05-01,1977,5,125.066070556641,553.485650062561,1.07317073170732,0,0,0,0,0
1977-06-01,1977,6,70.4901962280273,599.953549385071,1.90476190476191,0,0,0,0,0
1977-07-01,1977,7,0.819158852100372,527.288935959339,1.71428571428571,0,0,0,0,0
1977-08-01,1977,8,14.4084167480469,375.311915695667,0.380952380952381,0,0,0,0,0
1977-09-01,1977,9,39.2704696655273,261.598864853383,-0.952380952380953,0,0,0,0,0
1977-10-01,1977,10,9.03505802154541,259.089370071888,-1.52380952380952,-1.52380952380952,1,1,-1.52380952380952,-1.52380952380952
1977-11-01,1977,11,22.6802539825439,156.703553497791,-3.61904761904762,-3.61904761904762,2,2,-5.14285714285714,-5.14285714285714
1977-12-01,1977,12,36.2758026123047,122.489159882069,-3.80952380952381,-3.80952380952381,3,3,-8.95238095238095,-8.95238095238095
1978-01-01,1978,1,273.005889892578,394.675890922546,-0.0975609756097562,0,0,0,0,0
1978-02-01,1978,2,22.0282459259033,402.295720100403,-1.07317073170732,-1.07317073170732,1,1,-1.07317073170732,-1.07317073170732
1978-03-01,1978,3,325.017852783203,688.043103218078,2.24390243902439,0,0,0,0,0
1978-04-01,1978,4,61.6192321777344,740.627277374267,2.24390243902439,0,0,0,0,0
1978-05-01,1978,5,80.2168960571289,798.163919448852,3.21951219512195,0,0,0,0,0
1978-06-01,1978,6,252.315841674805,1014.20395851135,3.80952380952381,0,0,0,0,0
1978-07-01,1978,7,9.24534034729004,750.443408966065,3.42857142857143,0,0,0,0,0
1978-08-01,1978,8,13.4743766784668,741.889539718628,3.42857142857143,0,0,0,0,0
1978-09-01,1978,9,64.3345031738281,481.206190109253,2.47619047619048,0,0,0,0,0
1978-10-01,1978,10,58.9463729858398,478.533330917359,3.23809523809524,0,0,0,0,0
1978-11-01,1978,11,127.619766235352,525.936201095582,3.42857142857143,0,0,0,0,0
1978-12-01,1978,12,75.8375015258789,349.457860946656,0.190476190476191,0,0,0,0,0
1979-01-01,1979,1,36.778434753418,376.990955352784,-0.682926829268293,0,0,0,0,0
1979-02-01,1979,2,18.9199542999268,382.436532974244,-1.85365853658537,-1.85365853658537,1,1,-1.85365853658537,-1.85365853658537
1979-03-01,1979,3,75.5125579833984,393.614587783814,-2.24390243902439,-2.24390243902439,2,2,-4.09756097560976,-4.09756097560976
1979-04-01,1979,4,20.6016731262207,355.269887924195,-3.41463414634146,-3.41463414634146,3,3,-7.51219512195122,-7.51219512195122
1979-05-01,1979,5,79.7295761108398,307.379697799683,-3.41463414634146,-3.41463414634146,4,4,-10.9268292682927,-10.9268292682927
1979-06-01,1979,6,103.985054016113,335.527250289917,-2.85714285714286,-2.85714285714286,5,5,-13.7839721254355,-13.7839721254355
1979-07-01,1979,7,17.3173427581787,316.066158294677,-2.47619047619048,-2.47619047619048,6,6,-16.260162601626,-16.260162601626
1979-08-01,1979,8,6.31758213043213,303.463786125183,-1.33333333333333,-1.33333333333333,7,7,-17.5934959349593,-17.5934959349593
1979-09-01,1979,9,19.6762828826904,247.627511024475,-1.52380952380952,-1.52380952380952,8,8,-19.1173054587689,-19.1173054587689
1979-10-01,1979,10,31.0409698486328,258.066807746887,-1.71428571428571,-1.71428571428571,9,9,-20.8315911730546,-20.8315911730546
1979-11-01,1979,11,76.0598373413086,254.397068977356,-1.52380952380952,-1.52380952380952,10,10,-22.3554006968641,-22.3554006968641
1979-12-01,1979,12,6.09965467453003,156.511669635773,-3.61904761904762,-3.61904761904762,11,11,-25.9744483159117,-25.9744483159117
1980-01-01,1980,1,114.644744873047,253.839071750641,-3.02439024390244,-3.02439024390244,12,12,-28.9988385598142,-28.9988385598142
1980-02-01,1980,2,66.2349014282227,313.756391048432,-3.21951219512195,-3.21951219512195,13,13,-32.2183507549361,-32.2183507549361
1980-03-01,1980,3,32.704776763916,326.784884929657,-3.41463414634146,-3.41463414634146,14,14,-35.6329849012776,-35.6329849012776
1980-04-01,1980,4,5.9201397895813,301.664054870606,-3.80487804878049,-3.80487804878049,15,15,-39.4378629500581,-39.4378629500581
1980-05-01,1980,5,135.72802734375,361.332244873047,-2.24390243902439,-2.24390243902439,16,16,-41.6817653890825,-41.6817653890825
1980-06-01,1980,6,32.4958648681641,387.728455066681,-1.71428571428571,-1.71428571428571,17,17,-43.3960511033682,-43.3960511033682
1980-07-01,1980,7,27.3619575500488,300.445667743683,-2.66666666666667,-2.66666666666667,18,18,-46.0627177700348,-46.0627177700348
1980-08-01,1980,8,5.50180196762085,239.712568283081,-2.0952380952381,-2.0952380952381,19,19,-48.1579558652729,-48.1579558652729
1980-09-01,1980,9,3.23931622505188,210.247107744217,-2.0952380952381,-2.0952380952381,20,20,-50.253193960511,-50.253193960511
1980-10-01,1980,10,45.3840637207031,249.711031675339,-2.0952380952381,-2.0952380952381,21,21,-52.3484320557491,-52.3484320557491
1980-11-01,1980,11,42.3498802185059,156.332884550095,-3.80952380952381,-3.80952380952381,22,22,-56.1579558652729,-56.1579558652729
1980-12-01,1980,12,46.2570648193359,170.094084501266,-3.23809523809524,-3.23809523809524,23,23,-59.3960511033682,-59.3960511033682
1981-01-01,1981,1,68.2474822998047,210.979609251022,-3.80487804878049,-3.80487804878049,24,24,-63.2009291521487,-63.2009291521487
1981-02-01,1981,2,182.898239135742,388.376046419143,-1.46341463414634,-1.46341463414634,25,25,-64.664343786295,-64.664343786295
1981-03-01,1981,3,27.0848217010498,412.221551895141,-2.04878048780488,-2.04878048780488,26,26,-66.7131242740999,-66.7131242740999
1981-04-01,1981,4,136.334655761719,503.172143936157,0.487804878048781,0,0,0,0,0
1981-05-01,1981,5,101.385513305664,562.207777023315,1.26829268292683,0,0,0,0,0
1981-06-01,1981,6,25.0505027770996,541.001214981079,1.14285714285714,0,0,0,0,0
1981-07-01,1981,7,30.753288269043,503.507020950317,0.761904761904762,0,0,0,0,0
1981-08-01,1981,8,5.99671220779419,326.60549402237,-0.952380952380953,0,0,0,0,0
1981-09-01,1981,9,3.87893986701965,303.399612188339,0.190476190476191,0,0,0,0,0
1981-10-01,1981,10,149.849060058594,316.914016485214,0,0,0,0,0,0
1981-11-01,1981,11,129.972442626953,345.500945806503,0.190476190476191,0,0,0,0,0
1981-12-01,1981,12,80.1799240112305,400.630367040634,1.52380952380952,0,0,0,0,0
1982-01-01,1982,1,71.7360305786133,441.613109350205,0.878048780487805,0,0,0,0,0
1982-02-01,1982,2,28.6299991607666,464.246396303177,-0.0975609756097562,0,0,0,0,0
1982-03-01,1982,3,150.149200439453,610.51665687561,1.26829268292683,0,0,0,0,0
1982-04-01,1982,4,7.31996250152588,467.987559318542,-0.682926829268293,0,0,0,0,0
1982-05-01,1982,5,3.08166837692261,341.096785068512,-2.82926829268293,-2.82926829268293,1,1,-2.82926829268293,-2.82926829268293
1982-06-01,1982,6,26.753396987915,287.670258045196,-3.42857142857143,-3.42857142857143,2,2,-6.25783972125436,-6.25783972125436
1982-07-01,1982,7,18.7252941131592,234.659521579742,-3.23809523809524,-3.23809523809524,3,3,-9.49593495934959,-9.49593495934959
1982-08-01,1982,8,3.19629859924316,209.225821018219,-2.66666666666667,-2.66666666666667,4,4,-12.1626016260163,-12.1626016260163
1982-09-01,1982,9,130.097366333008,189.173986911774,-2.66666666666667,-2.66666666666667,5,5,-14.8292682926829,-14.8292682926829
1982-10-01,1982,10,39.3529624938965,221.206986904144,-2.85714285714286,-2.85714285714286,6,6,-17.6864111498258,-17.6864111498258
1982-11-01,1982,11,9.31505870819092,227.440377235413,-2.47619047619048,-2.47619047619048,7,7,-20.1626016260163,-20.1626016260163
1982-12-01,1982,12,20.2743911743164,220.961371421814,-2.66666666666667,-2.66666666666667,8,8,-22.8292682926829,-22.8292682926829
1983-01-01,1983,1,34.939022064209,237.175099372864,-3.41463414634146,-3.41463414634146,9,9,-26.2439024390244,-26.2439024390244
1983-02-01,1983,2,48.9975204467773,282.976321220398,-3.80487804878049,-3.80487804878049,10,10,-30.0487804878049,-30.0487804878049
1983-03-01,1983,3,222.488967895508,375.367922782898,-2.82926829268293,-2.82926829268293,11,11,-32.8780487804878,-32.8780487804878
1983-04-01,1983,4,53.1100845336914,389.125044822693,-2.82926829268293,-2.82926829268293,12,12,-35.7073170731707,-35.7073170731707
1983-05-01,1983,5,96.8295669555664,476.639553070069,-0.48780487804878,0,0,13,0,-36.1951219512195
1983-06-01,1983,6,62.6286926269531,518.993854522705,0.761904761904762,0,0,0,0,0
1983-07-01,1983,7,23.6179084777832,507.672740936279,0.952380952380953,0,0,0,0,0
1983-08-01,1983,8,14.2006855010986,472.875905990601,1.71428571428571,0,0,0,0,0
1983-09-01,1983,9,55.686164855957,306.07310295105,0.380952380952381,0,0,0,0,0
1983-10-01,1983,10,124.098434448242,377.0614528656,1.33333333333333,0,0,0,0,0
1983-11-01,1983,11,30.2308521270752,310.462738037109,-0.952380952380953,0,0,0,0,0
1983-12-01,1983,12,104.57878112793,352.412826538086,0.380952380952381,0,0,0,0,0
1984-01-01,1984,1,190.983413696289,519.778331756592,2.4390243902439,0,0,0,0,0
1984-02-01,1984,2,123.216537475586,628.794183731079,2.82926829268293,0,0,0,0,0
1984-03-01,1984,3,128.043701171875,701.151720046997,2.63414634146341,0,0,0,0,0
1984-04-01,1984,4,84.9095611572266,661.962846755982,1.65853658536585,0,0,0,0,0
1984-05-01,1984,5,58.1564674377441,689.888462066651,2.24390243902439,0,0,0,0,0
1984-06-01,1984,6,67.1169204711914,652.426601409912,2.47619047619048,0,0,0,0,0
1984-07-01,1984,7,110.447624206543,571.890811920166,2.09523809523809,0,0,0,0,0
1984-08-01,1984,8,13.4371614456177,462.111435890198,1.52380952380952,0,0,0,0,0
1984-09-01,1984,9,34.4049987792969,368.47273349762,1.33333333333333,0,0,0,0,0
1984-10-01,1984,10,24.1737022399902,307.736874580383,-0.190476190476191,0,0,0,0,0
1984-11-01,1984,11,176.871368408203,426.451775550842,1.90476190476191,0,0,0,0,0
1984-12-01,1984,12,70.3671417236328,429.701996803284,2.09523809523809,0,0,0,0,0
1985-01-01,1985,1,9.9409704208374,329.195343017578,-1.07317073170732,-1.07317073170732,1,1,-1.07317073170732,-1.07317073170732
1985-02-01,1985,2,40.4898719787598,356.24805355072,-2.24390243902439,-2.24390243902439,2,2,-3.31707317073171,-3.31707317073171
1985-03-01,1985,3,41.2846832275391,363.127737998962,-3.21951219512195,-3.21951219512195,3,3,-6.53658536585366,-6.53658536585366
1985-04-01,1985,4,182.886291503906,521.840327262878,0.878048780487805,0,0,0,0,0
1985-05-01,1985,5,123.389976501465,468.35893535614,-0.878048780487805,0,0,0,0,0
1985-06-01,1985,6,89.2084732055664,487.200266838074,-0.380952380952381,0,0,0,0,0
1985-07-01,1985,7,41.1427116394043,518.402008056641,1.33333333333333,0,0,0,0,0
1985-08-01,1985,8,15.5691061019897,493.48124217987,2.28571428571429,0,0,0,0,0
1985-09-01,1985,9,51.8453559875488,504.04191493988,2.66666666666667,0,0,0,0,0
1985-10-01,1985,10,148.483978271484,469.639601707458,3.04761904761905,0,0,0,0,0
1985-11-01,1985,11,107.229148864746,453.478774070739,2.47619047619048,0,0,0,0,0
1985-12-01,1985,12,71.0461273193359,435.316428184509,2.47619047619048,0,0,0,0,0
1986-01-01,1986,1,174.501312255859,568.675028800963,3.02439024390244,0,0,0,0,0
1986-02-01,1986,2,40.7061920166016,593.812114715575,1.65853658536585,0,0,0,0,0
1986-03-01,1986,3,8.78695774078369,550.75371646881,0.292682926829269,0,0,0,0,0
1986-04-01,1986,4,40.5495758056641,442.81931400299,-1.46341463414634,-1.46341463414634,1,1,-1.46341463414634,-1.46341463414634
1986-05-01,1986,5,21.0352039337158,356.62536907196,-2.63414634146341,-2.63414634146341,2,2,-4.09756097560976,-4.09756097560976
1986-06-01,1986,6,4.15567541122437,289.734917163849,-3.23809523809524,-3.23809523809524,3,3,-7.33565621370499,-7.33565621370499
1986-07-01,1986,7,20.3597068786621,135.593311786652,-4,-4,4,4,-11.335656213705,-11.335656213705
1986-08-01,1986,8,393.051239013672,487.938358783722,1.90476190476191,0,0,0,0,0
1986-09-01,1986,9,43.9552879333496,523.106688976288,3.04761904761905,0,0,0,0,0
1986-10-01,1986,10,55.2084693908691,537.765582561493,3.61904761904762,0,0,0,0,0
1986-11-01,1986,11,167.95426940918,684.684648036957,4,0,0,0,0,0
1986-12-01,1986,12,15.6471633911133,696.176136016846,4,0,0,0,0,0
1987-01-01,1987,1,45.2369728088379,721.053401947022,3.60975609756098,0,0,0,0,0
1987-02-01,1987,2,27.7103576660156,355.712520599365,-2.4390243902439,-2.4390243902439,1,1,-2.4390243902439,-2.4390243902439
1987-03-01,1987,3,169.316436767578,481.073669433594,-0.48780487804878,0,0,0,0,0
1987-04-01,1987,4,27.2918548583984,453.157054901123,-0.878048780487805,0,0,0,0,0
1987-05-01,1987,5,52.8320808410645,338.034866333008,-3.02439024390244,-3.02439024390244,1,1,-3.02439024390244,-3.02439024390244
1987-06-01,1987,6,36.4945182800293,358.882221221924,-2.47619047619048,-2.47619047619048,2,2,-5.50058072009292,-5.50058072009292
1987-07-01,1987,7,49.0826644897461,362.727912902832,-1.33333333333333,-1.33333333333333,3,3,-6.83391405342625,-6.83391405342625
1987-08-01,1987,8,213.355117797852,548.372673034668,2.66666666666667,0,0,0,0,0
1987-09-01,1987,9,7.78058338165283,386.836819648743,1.52380952380952,0,0,0,0,0
1987-10-01,1987,10,187.427398681641,546.972363471986,3.80952380952381,0,0,0,0,0
1987-11-01,1987,11,105.227172851562,599.367455482483,3.61904761904762,0,0,0,0,0
1987-12-01,1987,12,79.2176132202148,642.090550422669,3.61904761904762,0,0,0,0,0
1988-01-01,1988,1,128.127548217773,721.135434150696,3.80487804878049,0,0,0,0,0
1988-02-01,1988,2,102.079475402832,609.859791755676,2.24390243902439,0,0,0,0,0
1988-03-01,1988,3,49.9695854187012,652.048793792724,1.46341463414634,0,0,0,0,0
1988-04-01,1988,4,429.892486572266,894.513881683349,3.80487804878049,0,0,0,0,0
1988-05-01,1988,5,168.402770996094,957.689479827881,3.80487804878049,0,0,0,0,0
1988-06-01,1988,6,34.6433334350586,913.115200042725,3.42857142857143,0,0,0,0,0
1988-07-01,1988,7,149.891510009766,934.879161834718,3.80952380952381,0,0,0,0,0
1988-08-01,1988,8,32.3729591369629,865.172645568849,4,0,0,0,0,0
1988-09-01,1988,9,82.5469741821289,897.750034332276,4,0,0,0,0,0
1988-10-01,1988,10,0.041581466794014,467.899129226804,2.85714285714286,0,0,0,0,0
1988-11-01,1988,11,154.913955688477,454.410313919187,2.85714285714286,0,0,0,0,0
1988-12-01,1988,12,135.905029296875,555.672009781004,3.42857142857143,0,0,0,0,0
1989-01-01,1989,1,104.802124023438,510.582623794676,2.24390243902439,0,0,0,0,0
1989-02-01,1989,2,54.8167533874512,533.026418045164,0.878048780487805,0,0,0,0,0
1989-03-01,1989,3,132.222900390625,582.70234425366,0.682926829268292,0,0,0,0,0
1989-04-01,1989,4,287.558685302734,870.2194480896,3.41463414634146,0,0,0,0,0
1989-05-01,1989,5,84.9521713256836,800.257663726807,3.41463414634146,0,0,0,0,0
1989-06-01,1989,6,136.180236816406,800.532871246338,3.23809523809524,0,0,0,0,0
1989-07-01,1989,7,15.2567234039307,710.98747062683,3.23809523809524,0,0,0,0,0
1989-08-01,1989,8,27.9212703704834,684.091987609863,3.23809523809524,0,0,0,0,0
1989-09-01,1989,9,2.26172733306885,554.130814552306,3.42857142857143,0,0,0,0,0
1989-10-01,1989,10,15.702220916748,282.274350166321,-0.952380952380953,0,0,0,0,0
1989-11-01,1989,11,53.6928749084473,251.015053749084,-1.71428571428571,-1.71428571428571,1,1,-1.71428571428571,-1.71428571428571
1989-12-01,1989,12,93.3650360107422,208.19985294342,-2.85714285714286,-2.85714285714286,2,2,-4.57142857142857,-4.57142857142857
1990-01-01,1990,1,80.2648468017578,273.207976341248,-2.4390243902439,-2.4390243902439,3,3,-7.01045296167247,-7.01045296167247
1990-02-01,1990,2,490.948425292969,736.235131263733,3.80487804878049,0,0,0,0,0
1990-03-01,1990,3,107.368240356445,841.341644287109,4,0,0,0,0,0
1990-04-01,1990,4,244.006546020508,1069.64596939087,4,0,0,0,0,0
1990-05-01,1990,5,99.4335021972656,1115.38659667969,4,0,0,0,0,0
1990-06-01,1990,6,16.9174156188965,1038.93897628784,4,0,0,0,0,0
1990-07-01,1990,7,40.0909233093262,998.76505279541,4,0,0,0,0,0
1990-08-01,1990,8,167.8330078125,675.649635314941,3.04761904761905,0,0,0,0,0
1990-09-01,1990,9,57.6865692138672,625.967964172364,3.61904761904762,0,0,0,0,0
1990-10-01,1990,10,38.8906784057617,420.852096557617,1.90476190476191,0,0,0,0,0
1990-11-01,1990,11,27.7501564025879,349.16875076294,0.380952380952381,0,0,0,0,0
1990-12-01,1990,12,31.5661678314209,363.817502975464,0.571428571428571,0,0,0,0,0
1991-01-01,1991,1,93.8853530883789,417.611932754517,0.292682926829269,0,0,0,0,0
1991-02-01,1991,2,41.4215240478516,291.200448989868,-3.60975609756098,-3.60975609756098,1,1,-3.60975609756098,-3.60975609756098
1991-03-01,1991,3,16.2902126312256,249.804092407227,-4,-4,2,2,-7.60975609756098,-7.60975609756098
1991-04-01,1991,4,25.3675136566162,236.280927658081,-4,-4,3,3,-11.609756097561,-11.609756097561
1991-05-01,1991,5,28.462064743042,236.992835998535,-4,-4,4,4,-15.609756097561,-15.609756097561
1991-06-01,1991,6,300.243560791016,505.67022895813,0.380952380952381,0,0,0,0,0
1991-07-01,1991,7,62.3010101318359,474.085886001587,0,0,0,0,0,0
1991-08-01,1991,8,6.70046758651733,439.364829540253,1.14285714285714,0,0,0,0,0
1991-09-01,1991,9,13.6828575134277,436.757474422455,2.09523809523809,0,0,0,0,0
1991-10-01,1991,10,11.6234369277954,423.013397693634,2.28571428571429,0,0,0,0,0
1991-11-01,1991,11,34.4073905944824,428.958723545075,2.09523809523809,0,0,0,0,0
1991-12-01,1991,12,160.076309204102,288.791471958161,-1.52380952380952,-1.52380952380952,1,1,-1.52380952380952,-1.52380952380952
1992-01-01,1992,1,86.2267837524414,312.717245578766,-1.26829268292683,-1.26829268292683,2,2,-2.79210220673635,-2.79210220673635
1992-02-01,1992,2,325.682098388672,631.698876380921,3.02439024390244,0,0,0,0,0
1992-03-01,1992,3,57.1525802612305,675.168599128724,2.04878048780488,0,0,0,0,0
1992-04-01,1992,4,53.2950897216797,716.840251922608,2.04878048780488,0,0,0,0,0
1992-05-01,1992,5,26.1235866546631,708.556447982789,2.63414634146341,0,0,0,0,0
1992-06-01,1992,6,50.5936584472656,599.073797225952,1.52380952380952,0,0,0,0,0
1992-07-01,1992,7,7.92457151412964,520.77158498764,1.52380952380952,0,0,0,0,0
1992-08-01,1992,8,12.1306753158569,207.220161914825,-2.85714285714286,-2.85714285714286,1,1,-2.85714285714286,-2.85714285714286
1992-09-01,1992,9,18.2518348693848,168.31941652298,-3.23809523809524,-3.23809523809524,2,2,-6.09523809523809,-6.09523809523809
1992-10-01,1992,10,38.1064491271973,153.130775928497,-3.42857142857143,-3.42857142857143,3,3,-9.52380952380952,-9.52380952380952
1992-11-01,1992,11,122.536376953125,249.543566226959,-1.9047619047619,-1.9047619047619,4,4,-11.4285714285714,-11.4285714285714
1992-12-01,1992,12,180.827484130859,379.777391910553,0.952380952380953,0,0,0,0,0
1993-01-01,1993,1,61.3614768981934,433.214297294616,0.682926829268292,0,0,0,0,0
1993-02-01,1993,2,66.8369293212891,487.920551300049,0.487804878048781,0,0,0,0,0
1993-03-01,1993,3,98.395622253418,568.064338684082,0.487804878048781,0,0,0,0,0
1993-04-01,1993,4,27.0898380279541,557.047727584839,1.46341463414634,0,0,0,0,0
1993-05-01,1993,5,12.5362167358398,447.047567367553,-1.26829268292683,-1.26829268292683,1,1,-1.26829268292683,-1.26829268292683
1993-06-01,1993,6,27.7978401184082,294.017923355103,-3.04761904761905,-3.04761904761905,2,2,-4.31591173054588,-4.31591173054588
1993-07-01,1993,7,58.2243766784668,290.880823135376,-2.85714285714286,-2.85714285714286,3,3,-7.17305458768873,-7.17305458768873
1993-08-01,1993,8,40.0612335205078,264.105127334595,-1.71428571428571,-1.71428571428571,4,4,-8.88734030197445,-8.88734030197445
1993-09-01,1993,9,50.8582534790039,216.567758560181,-1.9047619047619,-1.9047619047619,5,5,-10.7921022067364,-10.7921022067364
1993-10-01,1993,10,39.4582138061523,228.936134338379,-2.47619047619048,-2.47619047619048,6,6,-13.2682926829268,-13.2682926829268
1993-11-01,1993,11,77.1199798583984,293.519897460937,-1.33333333333333,-1.33333333333333,7,7,-14.6016260162602,-14.6016260162602
1993-12-01,1993,12,37.7089157104492,303.430973052978,-1.33333333333333,-1.33333333333333,8,8,-15.9349593495935,-15.9349593495935
1994-01-01,1994,1,16.3668746948242,261.573471069336,-2.63414634146341,-2.63414634146341,9,9,-18.5691056910569,-18.5691056910569
1994-02-01,1994,2,86.5168991088867,308.029136657715,-3.41463414634146,-3.41463414634146,10,10,-21.9837398373984,-21.9837398373984
1994-03-01,1994,3,119.10538482666,376.276268005371,-2.63414634146341,-2.63414634146341,11,11,-24.6178861788618,-24.6178861788618
1994-04-01,1994,4,64.3330230712891,401.151077270508,-2.63414634146341,-2.63414634146341,12,12,-27.2520325203252,-27.2520325203252
1994-05-01,1994,5,12.9941930770874,337.025290489197,-3.21951219512195,-3.21951219512195,13,13,-30.4715447154472,-30.4715447154472
1994-06-01,1994,6,43.1872749328613,342.503649711609,-2.66666666666667,-2.66666666666667,14,14,-33.1382113821138,-33.1382113821138
1994-07-01,1994,7,9.50117015838623,335.637945175171,-1.9047619047619,-1.9047619047619,15,15,-35.0429732868757,-35.0429732868757
1994-08-01,1994,8,7.16805458068848,256.289100646973,-1.9047619047619,-1.9047619047619,16,16,-36.9477351916376,-36.9477351916376
1994-09-01,1994,9,13.7988109588623,150.982526779175,-3.61904761904762,-3.61904761904762,17,17,-40.5667828106852,-40.5667828106852
1994-10-01,1994,10,20.3228740692139,106.9723777771,-3.80952380952381,-3.80952380952381,18,18,-44.3763066202091,-44.3763066202091
1994-11-01,1994,11,66.6936798095703,160.671864509583,-3.42857142857143,-3.42857142857143,19,19,-47.8048780487805,-47.8048780487805
1994-12-01,1994,12,56.7569961547852,174.241585731506,-3.04761904761905,-3.04761904761905,20,20,-50.8524970963995,-50.8524970963995
1995-01-01,1995,1,129.646789550781,294.387205123901,-2.04878048780488,-2.04878048780488,21,21,-52.9012775842044,-52.9012775842044
1995-02-01,1995,2,42.2571449279785,329.476295471191,-2.82926829268293,-2.82926829268293,22,22,-55.7305458768873,-55.7305458768873
1995-03-01,1995,3,157.004028320312,472.681512832641,-0.682926829268293,0,0,23,0,-56.4134727061556
1995-04-01,1995,4,17.7613983154297,470.120037078857,-0.48780487804878,0,0,24,0,-56.9012775842044
1995-05-01,1995,5,140.511825561523,543.938182830809,0.878048780487805,0,0,0,0,0
1995-06-01,1995,6,26.2401161193848,513.421302795409,0.571428571428571,0,0,0,0,0
1995-07-01,1995,7,1.40739870071411,385.181911945342,-0.952380952380953,0,0,0,0,0
1995-08-01,1995,8,0,342.924767017364,-0.380952380952381,0,0,0,0,0
1995-09-01,1995,9,167.780746459961,353.701485157013,0.952380952380953,0,0,0,0,0
1995-10-01,1995,10,32.2136573791504,368.153744220733,1.14285714285714,0,0,0,0,0
1995-11-01,1995,11,109.346084594727,336.988003253937,-0.380952380952381,0,0,0,0,0
1995-12-01,1995,12,90.6920547485352,401.439941883088,1.71428571428571,0,0,0,0,0
1996-01-01,1996,1,170.29345703125,570.326000213624,3.21951219512195,0,0,0,0,0
1996-02-01,1996,2,44.5882453918457,614.914245605469,2.4390243902439,0,0,0,0,0
1996-03-01,1996,3,35.541446685791,482.674945831299,-0.292682926829268,0,0,0,0,0
1996-04-01,1996,4,36.2030296325684,486.664318084717,-0.0975609756097562,0,0,0,0,0
1996-05-01,1996,5,138.944564819336,516.262798309326,0.487804878048781,0,0,0,0,0
1996-06-01,1996,6,31.7684211730957,457.339164733887,-1.14285714285714,-1.14285714285714,1,1,-1.14285714285714,-1.14285714285714
1996-07-01,1996,7,62.1372299194336,349.18293762207,-1.71428571428571,-1.71428571428571,2,2,-2.85714285714286,-2.85714285714286
1996-08-01,1996,8,96.5663833618164,401.161075592041,0.571428571428571,0,0,0,0,0
1996-09-01,1996,9,65.7060394287109,431.325668334961,1.90476190476191,0,0,0,0,0
1996-10-01,1996,10,27.1343669891357,422.257005691528,2.09523809523809,0,0,0,0,0
1996-11-01,1996,11,76.1502075195312,359.462648391723,0.761904761904762,0,0,0,0,0
1996-12-01,1996,12,48.5513572692871,376.245584487915,0.761904761904762,0,0,0,0,0
1997-01-01,1997,1,158.12060546875,472.228960037231,1.26829268292683,0,0,0,0,0
1997-02-01,1997,2,137.649215698242,513.311792373657,0.682926829268292,0,0,0,0,0
1997-03-01,1997,3,24.6280269622803,472.233779907226,-0.878048780487805,0,0,0,0,0
1997-04-01,1997,4,2.68364453315735,447.783057451248,-1.26829268292683,-1.26829268292683,1,1,-1.26829268292683,-1.26829268292683
1997-05-01,1997,5,44.2995796203613,415.932429552078,-1.46341463414634,-1.46341463414634,2,2,-2.73170731707317,-2.73170731707317
1997-06-01,1997,6,38.8096466064453,406.190718889236,-1.52380952380952,-1.52380952380952,3,3,-4.25551684088269,-4.25551684088269
1997-07-01,1997,7,35.0056381225586,283.075751543045,-3.04761904761905,-3.04761904761905,4,4,-7.30313588850174,-7.30313588850174
1997-08-01,1997,8,5.67838573455811,151.104921579361,-3.80952380952381,-3.80952380952381,5,5,-11.1126596980256,-11.1126596980256
1997-09-01,1997,9,82.3461227416992,208.82301735878,-2.28571428571429,-2.28571428571429,6,6,-13.3983739837398,-13.3983739837398
1997-10-01,1997,10,47.165771484375,253.305144309998,-1.9047619047619,-1.9047619047619,7,7,-15.3031358885017,-15.3031358885017
1997-11-01,1997,11,32.3538513183594,241.359416007996,-2.0952380952381,-2.0952380952381,8,8,-17.3983739837398,-17.3983739837398
1997-12-01,1997,12,26.5187149047852,229.068484306336,-2.0952380952381,-2.0952380952381,9,9,-19.4936120789779,-19.4936120789779
1998-01-01,1998,1,112.363502502441,306.426348686218,-1.85365853658537,-1.85365853658537,10,10,-21.3472706155633,-21.3472706155633
1998-02-01,1998,2,55.7057075500488,356.453670501709,-2.04878048780488,-2.04878048780488,11,11,-23.3960511033682,-23.3960511033682
1998-03-01,1998,3,18.8329315185547,292.940479278564,-3.60975609756098,-3.60975609756098,12,12,-27.0058072009292,-27.0058072009291
1998-04-01,1998,4,184.207260131836,429.981967926025,-1.85365853658537,-1.85365853658537,13,13,-28.8594657375145,-28.8594657375145
1998-05-01,1998,5,188.704772949219,586.332889556885,1.46341463414634,0,0,0,0,0
1998-06-01,1998,6,69.3283843994141,629.142559051514,2.09523809523809,0,0,0,0,0
1998-07-01,1998,7,64.9501647949219,581.729221343994,2.28571428571429,0,0,0,0,0
1998-08-01,1998,8,227.244049072266,753.267562866212,3.80952380952381,0,0,0,0,0
1998-09-01,1998,9,34.3909225463867,768.825553894044,3.80952380952381,0,0,0,0,0
1998-10-01,1998,10,28.8717555999756,613.490049362183,4,0,0,0,0,0
1998-11-01,1998,11,72.483024597168,497.268301010132,3.04761904761905,0,0,0,0,0
1998-12-01,1998,12,35.8868865966797,463.826803207398,2.85714285714286,0,0,0,0,0
1999-01-01,1999,1,143.147277832031,542.023916244507,2.82926829268293,0,0,0,0,0
1999-02-01,1999,2,150.709823608398,465.489690780639,0.0975609756097562,0,0,0,0,0
1999-03-01,1999,3,41.1207733154297,472.219541549682,-1.07317073170732,-1.07317073170732,1,1,-1.07317073170732,-1.07317073170732
1999-04-01,1999,4,99.2577590942383,542.605545043945,1.26829268292683,0,0,0,0,0
1999-05-01,1999,5,28.6392726898193,498.761793136596,-0.0975609756097562,0,0,0,0,0
1999-06-01,1999,6,37.2971801757812,500.172086715697,0.190476190476191,0,0,0,0,0
1999-07-01,1999,7,123.00707244873,480.031881332396,0.380952380952381,0,0,0,0,0
1999-08-01,1999,8,38.938777923584,368.260835647582,0.190476190476191,0,0,0,0,0
1999-09-01,1999,9,30.7775459289551,357.917608261108,1.14285714285714,0,0,0,0,0
1999-10-01,1999,10,161.982284545898,420.642133712768,1.71428571428571,0,0,0,0,0
1999-11-01,1999,11,55.5202293395996,447.523090362548,2.28571428571429,0,0,0,0,0
1999-12-01,1999,12,102.423439025879,512.649349212646,3.23809523809524,0,0,0,0,0
2000-01-01,2000,1,29.7819576263428,419.424234390259,0.487804878048781,0,0,0,0,0
2000-02-01,2000,2,15.0274677276611,395.512924194336,-1.26829268292683,-1.26829268292683,1,1,-1.26829268292683,-1.26829268292683
2000-03-01,2000,3,221.507507324219,586.242885589599,0.878048780487805,0,0,0,0,0
2000-04-01,2000,4,46.6603927612305,470.920993804932,-0.292682926829268,0,0,0,0,0
2000-05-01,2000,5,33.1240310668945,448.524795532227,-1.07317073170732,-1.07317073170732,1,1,-1.07317073170732,-1.07317073170732
2000-06-01,2000,6,24.0548076629639,370.156164169312,-1.9047619047619,-1.9047619047619,2,2,-2.97793263646922,-2.97793263646922
2000-07-01,2000,7,17.8607387542725,358.234945297242,-1.52380952380952,-1.52380952380952,3,3,-4.50174216027875,-4.50174216027875
2000-08-01,2000,8,12.2778558731079,355.485333442688,0,0,0,0,0,0
2000-09-01,2000,9,28.8927974700928,162.870623588562,-3.42857142857143,-3.42857142857143,1,1,-3.42857142857143,-3.42857142857143
2000-10-01,2000,10,61.3859977722168,177.596228599548,-3.23809523809524,-3.23809523809524,2,2,-6.66666666666667,-6.66666666666667
2000-11-01,2000,11,163.920837402344,308.393034934998,-1.14285714285714,-1.14285714285714,3,3,-7.80952380952381,-7.80952380952381
2000-12-01,2000,12,63.4457054138184,347.783932685852,0,0,0,0,0,0
2001-01-01,2001,1,157.960205078125,487.883399009705,1.46341463414634,0,0,0,0,0
2001-02-01,2001,2,146.233688354492,621.839231491089,2.63414634146341,0,0,0,0,0
2001-03-01,2001,3,103.417739868164,696.36417388916,2.4390243902439,0,0,0,0,0
2001-04-01,2001,4,69.1082382202148,704.086414337158,1.85365853658537,0,0,0,0,0
2001-05-01,2001,5,70.9614486694336,611.127025604248,1.65853658536585,0,0,0,0,0
2001-06-01,2001,6,3.97318005561829,551.654500246048,1.33333333333333,0,0,0,0,0
2001-07-01,2001,7,62.0623893737793,455.756684541702,-0.380952380952381,0,0,0,0,0
2001-08-01,2001,8,32.0485763549805,341.57157254219,-0.571428571428572,0,0,0,0,0
2001-09-01,2001,9,17.5479755401611,255.701808214188,-1.14285714285714,-1.14285714285714,1,1,-1.14285714285714,-1.14285714285714
2001-10-01,2001,10,37.3900985717773,223.98366856575,-2.66666666666667,-2.66666666666667,2,2,-3.80952380952381,-3.80952380952381
2001-11-01,2001,11,56.5727729797363,209.594992876053,-2.85714285714286,-2.85714285714286,3,3,-6.66666666666667,-6.66666666666667
2001-12-01,2001,12,28.422679901123,234.044492721557,-1.9047619047619,-1.9047619047619,4,4,-8.57142857142857,-8.57142857142857
2002-01-01,2002,1,71.3125610351562,243.294664382934,-3.21951219512195,-3.21951219512195,5,5,-11.7909407665505,-11.7909407665505
2002-02-01,2002,2,255.880462646484,467.126550674438,0.292682926829269,0,0,0,0,0
2002-03-01,2002,3,89.9545593261719,539.533134460449,0.0975609756097562,0,0,0,0,0
2002-04-01,2002,4,23.389217376709,525.53225326538,1.07317073170732,0,0,0,0,0
2002-05-01,2002,5,44.1610145568848,513.120494842529,0.292682926829269,0,0,0,0,0
2002-06-01,2002,6,15.0174732208252,499.715288162231,0,0,0,0,0,0
2002-07-01,2002,7,11.6858491897583,440.088576316833,-0.571428571428572,0,0,0,0,0
2002-08-01,2002,8,9.79211044311523,194.000224113464,-3.23809523809524,-3.23809523809524,1,1,-3.23809523809524,-3.23809523809524
2002-09-01,2002,9,8.09264183044434,112.138306617737,-4,-4,2,2,-7.23809523809524,-7.23809523809524
2002-10-01,2002,10,6.78679752349854,95.5358867645264,-4,-4,3,3,-11.2380952380952,-11.2380952380952
2002-11-01,2002,11,17.9543209075928,69.3291931152344,-4,-4,4,4,-15.2380952380952,-15.2380952380952
2002-12-01,2002,12,63.3729057312012,117.68462562561,-4,-4,5,5,-19.2380952380952,-19.2380952380952
2003-01-01,2003,1,22.6928672790527,128.691643714905,-4,-4,6,6,-23.2380952380952,-23.2380952380952
2003-02-01,2003,2,92.674934387207,211.574467658997,-4,-4,7,7,-27.2380952380952,-27.2380952380952
2003-03-01,2003,3,72.684944152832,276.166769981384,-3.80487804878049,-3.80487804878049,8,8,-31.0429732868757,-31.0429732868757
2003-04-01,2003,4,68.0994186401367,337.479391098022,-3.60975609756098,-3.60975609756098,9,9,-34.6527293844367,-34.6527293844367
2003-05-01,2003,5,189.475784301758,509.000854492188,0.0975609756097562,0,0,0,0,0
2003-06-01,2003,6,38.8749504089355,484.502899169922,-0.571428571428572,0,0,0,0,0
2003-07-01,2003,7,24.7132930755615,486.523324966431,0.571428571428571,0,0,0,0,0
2003-08-01,2003,8,22.707691192627,416.556081771851,0.952380952380953,0,0,0,0,0
2003-09-01,2003,9,6.63436460494995,350.505502223969,0.761904761904762,0,0,0,0,0
2003-10-01,2003,10,68.7374954223633,351.143579006195,0.952380952380953,0,0,0,0,0
2003-11-01,2003,11,59.0362930297852,220.704087734222,-2.66666666666667,-2.66666666666667,1,1,-2.66666666666667,-2.66666666666667
2003-12-01,2003,12,76.190673828125,258.019811153412,-1.71428571428571,-1.71428571428571,2,2,-4.38095238095238,-4.38095238095238
2004-01-01,2004,1,44.0183563232422,277.324874401093,-2.24390243902439,-2.24390243902439,3,3,-6.62485481997677,-6.62485481997677
2004-02-01,2004,2,94.9236831665039,349.54086637497,-2.63414634146341,-2.63414634146341,4,4,-9.25900116144019,-9.25900116144019
2004-03-01,2004,3,44.5110702514648,387.417572021484,-2.4390243902439,-2.4390243902439,5,5,-11.6980255516841,-11.6980255516841
2004-04-01,2004,4,36.8849067687988,355.56498336792,-3.21951219512195,-3.21951219512195,6,6,-14.917537746806,-14.917537746806
2004-05-01,2004,5,10.7800197601318,307.308710098266,-3.60975609756098,-3.60975609756098,7,7,-18.527293844367,-18.527293844367
2004-06-01,2004,6,5.76158809661865,236.87962436676,-4,-4,8,8,-22.527293844367,-22.527293844367
2004-07-01,2004,7,21.1762619018555,214.037529945373,-3.61904761904762,-3.61904761904762,9,9,-26.1463414634146,-26.1463414634146
2004-08-01,2004,8,34.4251976013184,153.539044380188,-3.61904761904762,-3.61904761904762,10,10,-29.7653890824623,-29.7653890824623
2004-09-01,2004,9,37.3960952758789,146.424069404602,-3.80952380952381,-3.80952380952381,11,11,-33.5749128919861,-33.5749128919861
2004-10-01,2004,10,207.420700073242,316.959862709045,0.190476190476191,0,0,0,0,0
2004-11-01,2004,11,65.1800384521484,371.359881401062,0.952380952380953,0,0,0,0,0
2004-12-01,2004,12,66.6243209838867,432.22261428833,2.28571428571429,0,0,0,0,0
2005-01-01,2005,1,79.9656448364258,491.0119972229,1.65853658536585,0,0,0,0,0
2005-02-01,2005,2,115.180206298828,571.76700592041,1.46341463414634,0,0,0,0,0
2005-03-01,2005,3,59.9757423400879,594.346652984619,1.07317073170732,0,0,0,0,0
2005-04-01,2005,4,19.2214622497559,406.147415161133,-2.4390243902439,-2.4390243902439,1,1,-2.4390243902439,-2.4390243902439
2005-05-01,2005,5,29.6473712921143,370.614748001099,-2.04878048780488,-2.04878048780488,2,2,-4.48780487804878,-4.48780487804878
2005-06-01,2005,6,59.290225982666,363.280652999878,-2.0952380952381,-2.0952380952381,3,3,-6.58304297328688,-6.58304297328688
2005-07-01,2005,7,34.3658485412598,317.680856704712,-2.28571428571429,-2.28571428571429,4,4,-8.86875725900116,-8.86875725900116
2005-08-01,2005,8,2.89299058914185,205.393640995026,-3.04761904761905,-3.04761904761905,5,5,-11.9163763066202,-11.9163763066202
2005-09-01,2005,9,42.5434303283691,187.961328983307,-2.85714285714286,-2.85714285714286,6,6,-14.7735191637631,-14.7735191637631
2005-10-01,2005,10,64.2825927734375,233.022459506989,-2.28571428571429,-2.28571428571429,7,7,-17.0592334494774,-17.0592334494774
2005-11-01,2005,11,140.968490600586,344.34357881546,0,0,0,8,0,0
2005-12-01,2005,12,23.2976818084717,308.351034641266,-1.14285714285714,-1.14285714285714,1,9,-1.14285714285714,-1.14285714285714
2006-01-01,2006,1,95.4753265380859,369.460512638092,-0.878048780487805,0,0,10,0,0
2006-02-01,2006,2,82.0179672241211,448.585489273071,-0.292682926829268,0,0,11,0,0
2006-03-01,2006,3,22.7881183624268,428.830177307129,-1.65853658536585,-1.65853658536585,1,12,-1.65853658536585,-1.65853658536585
2006-04-01,2006,4,4.06927824020386,368.616862773895,-3.02439024390244,-3.02439024390244,2,13,-4.68292682926829,-4.68292682926829
2006-05-01,2006,5,9.92489814758301,237.573270320892,-3.80487804878049,-3.80487804878049,3,14,-8.48780487804878,-8.48780487804878
2006-06-01,2006,6,63.6610870361328,277.936675548553,-3.61904761904762,-3.61904761904762,4,15,-12.1068524970964,-12.1068524970964
2006-07-01,2006,7,39.560302734375,222.021651744843,-3.42857142857143,-3.42857142857143,5,16,-15.5354239256678,-15.5354239256678
2006-08-01,2006,8,37.2667045593262,177.270389080048,-3.42857142857143,-3.42857142857143,6,17,-18.9639953542393,-18.9639953542393
2006-09-01,2006,9,144.139465332031,298.621736049652,-0.190476190476191,0,0,18,0,-19.1544715447154
2006-10-01,2006,10,5.28040027618408,299.832858085632,-0.571428571428572,0,0,19,0,-19.725900116144
2006-11-01,2006,11,33.273136138916,323.181096076965,-0.761904761904762,0,0,20,0,-20.4878048780488
2006-12-01,2006,12,53.0034103393555,312.523419380188,-0.761904761904762,0,0,21,0,-21.2497096399535
2007-01-01,2007,1,38.077091217041,311.040207862854,-1.65853658536585,-1.65853658536585,1,22,-1.65853658536585,-22.9082462253194
2007-02-01,2007,2,172.375671386719,446.149174690247,-0.48780487804878,0,0,23,0,-23.3960511033682
2007-03-01,2007,3,69.0094757080078,371.019185066223,-3.02439024390244,-3.02439024390244,1,24,-3.02439024390244,-26.4204413472706
2007-04-01,2007,4,64.2574005126953,429.996185302735,-1.65853658536585,-1.65853658536585,2,25,-4.68292682926829,-28.0789779326365
2007-05-01,2007,5,17.5546340942383,414.277683258057,-1.65853658536585,-1.65853658536585,3,26,-6.34146341463415,-29.7375145180023
2007-06-01,2007,6,305.602569580078,666.876842498779,2.66666666666667,0,0,0,0,0
2007-07-01,2007,7,27.3243350982666,656.124086380005,2.85714285714286,0,0,0,0,0
2007-08-01,2007,8,83.4408340454102,567.189249038696,2.85714285714286,0,0,0,0,0
2007-09-01,2007,9,23.8555431365967,522.035316467285,2.85714285714286,0,0,0,0,0
2007-10-01,2007,10,27.6066455841064,485.384561538696,3.42857142857143,0,0,0,0,0
2007-11-01,2007,11,162.726043701172,630.55597114563,3.80952380952381,0,0,0,0,0
2007-12-01,2007,12,123.653793334961,448.607194900513,2.66666666666667,0,0,0,0,0
2008-01-01,2008,1,86.1567840576172,507.439643859863,1.85365853658537,0,0,0,0,0
2008-02-01,2008,2,278.023712158203,702.022521972656,3.60975609756098,0,0,0,0,0
2008-03-01,2008,3,63.799186706543,741.966165542603,3.02439024390244,0,0,0,0,0
2008-04-01,2008,4,73.6974792480469,788.056999206543,3.02439024390244,0,0,0,0,0
2008-05-01,2008,5,4.34442710876465,629.675382614136,1.85365853658537,0,0,0,0,0
2008-06-01,2008,6,93.1921615600586,599.213750839233,1.71428571428571,0,0,0,0,0
2008-07-01,2008,7,25.5502986907959,538.607265472412,1.90476190476191,0,0,0,0,0
2008-08-01,2008,8,27.4884433746338,288.071996688843,-1.52380952380952,-1.52380952380952,1,1,-1.52380952380952,-1.52380952380952
2008-09-01,2008,9,54.0296669006348,278.302476882935,-0.380952380952381,0,0,0,0,0
2008-10-01,2008,10,56.9021797180176,261.507177352905,-1.33333333333333,-1.33333333333333,1,1,-1.33333333333333,-1.33333333333333
2008-11-01,2008,11,66.227897644043,323.390647888184,-0.571428571428572,0,0,0,0,0
2008-12-01,2008,12,83.0175552368164,313.216041564942,-0.571428571428572,0,0,0,0,0
2009-01-01,2009,1,23.6936016082764,311.359344482422,-1.46341463414634,-1.46341463414634,1,1,-1.46341463414634,-1.46341463414634
2009-02-01,2009,2,133.775024414062,417.64592552185,-0.878048780487805,0,0,0,0,0
2009-03-01,2009,3,67.9291534423828,431.545412063598,-1.46341463414634,-1.46341463414634,1,1,-1.46341463414634,-1.46341463414634
2009-04-01,2009,4,114.532554626465,489.175786972046,0.0975609756097562,0,0,0,0,0
2009-05-01,2009,5,95.5356826782227,518.483572006225,0.682926829268292,0,0,0,0,0
2009-06-01,2009,6,42.9743499755859,478.440366744995,-0.761904761904762,0,0,0,0,0
2009-07-01,2009,7,24.8151454925537,479.561910629272,0.190476190476191,0,0,0,0,0
2009-08-01,2009,8,6.18008899688721,351.966975212097,-0.190476190476191,0,0,0,0,0
2009-09-01,2009,9,18.7339706420898,302.771792411804,0,0,0,0,0,0
2009-10-01,2009,10,98.6068801879883,286.846117973328,-0.761904761904762,0,0,0,0,0
2009-11-01,2009,11,17.2225322723389,208.532967567444,-3.04761904761905,-3.04761904761905,1,1,-3.04761904761905,-3.04761904761905
2009-12-01,2009,12,61.9631538391113,227.521771430969,-2.28571428571429,-2.28571428571429,2,2,-5.33333333333333,-5.33333333333333
2010-01-01,2010,1,29.0642223358154,231.770848274231,-3.60975609756098,-3.60975609756098,3,3,-8.94308943089431,-8.94308943089431
2010-02-01,2010,2,217.454238891602,443.044998168946,-0.682926829268293,0,0,0,0,0
2010-03-01,2010,3,75.6800994873047,499.991127014161,-0.0975609756097562,0,0,0,0,0
2010-04-01,2010,4,21.6956367492676,423.07988357544,-2.04878048780488,-2.04878048780488,1,1,-2.04878048780488,-2.04878048780488
2010-05-01,2010,5,70.6795501708984,476.536901473999,-0.682926829268293,0,0,0,0,0
2010-06-01,2010,6,80.1543502807617,494.72809791565,-0.190476190476191,0,0,0,0,0
2010-07-01,2010,7,45.3880729675293,511.051948547364,1.14285714285714,0,0,0,0,0
2010-08-01,2010,8,22.1018180847168,315.699527740479,-1.14285714285714,-1.14285714285714,1,1,-1.14285714285714,-1.14285714285714
2010-09-01,2010,9,35.7548828125,275.774311065674,-0.571428571428572,0,0,0,0,0
2010-10-01,2010,10,71.2207183837891,325.299392700195,0.380952380952381,0,0,0,0,0
2010-11-01,2010,11,125.498527526855,380.118370056152,1.14285714285714,0,0,0,0,0
2010-12-01,2010,12,90.0436935424805,390.007713317871,1.14285714285714,0,0,0,0,0
2011-01-01,2011,1,43.0158462524414,387.635486602783,-0.292682926829268,0,0,0,0,0
2011-02-01,2011,2,19.9504585266113,385.484127044677,-1.65853658536585,-1.65853658536585,1,1,-1.65853658536585,-1.65853658536585
2011-03-01,2011,3,94.721923828125,444.451168060302,-1.26829268292683,-1.26829268292683,2,2,-2.92682926829268,-2.92682926829268
2011-04-01,2011,4,78.1030502319336,451.333499908447,-1.07317073170732,-1.07317073170732,3,3,-4,-4
2011-05-01,2011,5,72.7303466796875,398.565319061279,-1.85365853658537,-1.85365853658537,4,4,-5.85365853658537,-5.85365853658537
2011-06-01,2011,6,53.5310974121094,362.052722930908,-2.28571428571429,-2.28571428571429,5,5,-8.13937282229965,-8.13937282229965
2011-07-01,2011,7,77.4378356933594,396.474712371826,-0.761904761904762,0,0,6,0,0
2011-08-01,2011,8,38.996208190918,415.520462036133,0.761904761904762,0,0,0,0,0
2011-09-01,2011,9,69.9510345458984,390.749572753906,1.71428571428571,0,0,0,0,0
2011-10-01,2011,10,35.3537254333496,348.000247955322,0.761904761904762,0,0,0,0,0
2011-11-01,2011,11,138.4501953125,413.720096588135,1.71428571428571,0,0,0,0,0
2011-12-01,2011,12,105.029975891113,465.218975067138,3.04761904761905,0,0,0,0,0
2012-01-01,2012,1,139.84326171875,527.624401092529,2.63414634146341,0,0,0,0,0
2012-02-01,2012,2,174.31477355957,662.942966461181,3.41463414634146,0,0,0,0,0
2012-03-01,2012,3,194.611740112305,787.603672027588,3.60975609756098,0,0,0,0,0
2012-04-01,2012,4,141.113632202148,893.363578796386,3.60975609756098,0,0,0,0,0
2012-05-01,2012,5,14.4334774017334,769.346860885619,3.02439024390244,0,0,0,0,0
2012-06-01,2012,6,110.575592041016,774.892477035522,3.04761904761905,0,0,0,0,0
2012-07-01,2012,7,21.2553024291992,656.304517745972,3.04761904761905,0,0,0,0,0
2012-08-01,2012,8,6.69887733459473,488.688621520996,2.09523809523809,0,0,0,0,0
2012-09-01,2012,9,22.1813697814941,316.258251190185,0.571428571428571,0,0,0,0,0
2012-10-01,2012,10,31.6725482940674,206.817167282105,-3.04761904761905,-3.04761904761905,1,1,-3.04761904761905,-3.04761904761905
2012-11-01,2012,11,45.2517890930176,237.635478973389,-2.28571428571429,-2.28571428571429,2,2,-5.33333333333333,-5.33333333333333
2012-12-01,2012,12,37.9481925964355,165.008079528809,-3.42857142857143,-3.42857142857143,3,3,-8.76190476190476,-8.76190476190476
